"무더위쉼터명,위도,경도,전화번호,,,,,,,,,,,,,,,,,,,,,,,,,,,"
"덕율3리경로당,36.712133,128.505098,054-650-6332,,,,,,,,,,,,,,,,,,,,,,,,,,,"
"문화동 광주은행,35.1732685,126.9258177,null,,,,,,,,,,,,,,,,,,,,,,,,,,,"
"선암마을 노인정,35.2224153,128.9259749,null,,,,,,,,,,,,,,,,,,,,,,,,,,,"
"양장골마을 노인정,35.225101,128.9275452,null,,,,,,,,,,,,,,,,,,,,,,,,,,,"
"양지쉼터,35.5849005,127.958343,null,,,,,,,,,,,,,,,,,,,,,,,,,,,"
"신기쉼터,35.5684932,127.9574391,null,,,,,,,,,,,,,,,,,,,,,,,,,,,"
"상감악쉼터,35.5824814,127.9494005,null,,,,,,,,,,,,,,,,,,,,,,,,,,,"
"거문 경로당,34.8065272,126.1511403,061-240-8903,,,,,,,,,,,,,,,,,,,,,,,,,,,"
"두정역범양레우스알파 경로당,36.8357,127.1559,041-521-6649,,,,,,,,,,,,,,,,,,,,,,,,,,,"
"별내효성해링턴코트,37.6549716,127.1233821,null,,,,,,,,,,,,,,,,,,,,,,,,,,,"
"위례 중앙경로당,37.4722,127.1456,null,,,,,,,,,,,,,,,,,,,,,,,,,,,"
"주산노휴제,35.6715559,126.7093762,063-580-4572,,,,,,,,,,,,,,,,,,,,,,,,,,,"
"화정여성경로당,35.6624819,126.711669,063-580-4572,,,,,,,,,,,,,,,,,,,,,,,,,,,"
"농원경로당,35.6659506,126.7058961,063-580-4572,,,,,,,,,,,,,,,,,,,,,,,,,,,"
"사산경로당,35.672075,126.6971162,063-580-4572,,,,,,,,,,,,,,,,,,,,,,,,,,,"
"산돌경로당,35.6614001,126.6916552,063-580-4572,,,,,,,,,,,,,,,,,,,,,,,,,,,"
"송정경로당,35.661395,126.7015043,063-580-4572,,,,,,,,,,,,,,,,,,,,,,,,,,,"
"신흥경로당,35.6594424,126.6779759,063-580-4572,,,,,,,,,,,,,,,,,,,,,,,,,,,"
"돈계도성경로당,35.6808787,126.6990204,063-580-4572,,,,,,,,,,,,,,,,,,,,,,,,,,,"
"돈계경로당,35.6788857,126.7010954,063-580-4572,,,,,,,,,,,,,,,,,,,,,,,,,,,"
"장산2리경로당,36.705101,128.53874,054-650-6332,,,,,,,,,,,,,,,,,,,,,,,,,,,"
"장산2리건신기경로당,36.7035926,128.5514653,054-650-6332,,,,,,,,,,,,,,,,,,,,,,,,,,,"
"장산2리가좌골,36.699222,128.535398,054-650-6332,,,,,,,,,,,,,,,,,,,,,,,,,,,"
"노은당경로당,36.6650661,128.5101188,054-650-6332,,,,,,,,,,,,,,,,,,,,,,,,,,,"
"보문경로당,36.663663,128.512443,054-650-6332,,,,,,,,,,,,,,,,,,,,,,,,,,,"
"미호2리경로당,36.664351,128.515893,054-650-6332,,,,,,,,,,,,,,,,,,,,,,,,,,,"
"우림필유타운하우스 경로당,37.200832,127.0607124,031-5189-1620,,,,,,,,,,,,,,,,,,,,,,,,,,,"
"포스코더샵경로당,37.1993956,127.0693926,031-5189-1620,,,,,,,,,,,,,,,,,,,,,,,,,,,"
"남산동일하이빌 경로당,36.959387,127.945377,043-850-6534,,,,,,,,,,,,,,,,,,,,,,,,,,,"
"용산주공2단지 경로당,36.962686,127.945902,043-850-6534,,,,,,,,,,,,,,,,,,,,,,,,,,,"
"화목 경로당,36.9703361,127.9276639,043-850-6534,,,,,,,,,,,,,,,,,,,,,,,,,,,"
"지현 경로당,36.9635062,127.9323792,043-850-6534,,,,,,,,,,,,,,,,,,,,,,,,,,,"
"한화꿈에그린 경로당,37.2075254,127.0673326,031-5189-1620,,,,,,,,,,,,,,,,,,,,,,,,,,,"
"우남퍼스트빌 경로당,37.2001278,127.0662408,031-5189-1620,,,,,,,,,,,,,,,,,,,,,,,,,,,"
"월드반도 경로당,37.2026022,127.0657823,031-5189-1620,,,,,,,,,,,,,,,,,,,,,,,,,,,"
"금호어울림 경로당,37.2056293,127.0668602,031-5189-2346,,,,,,,,,,,,,,,,,,,,,,,,,,,"
"케이씨씨스위첸 경로당,37.2094943,127.0690546,031-5189-1620,,,,,,,,,,,,,,,,,,,,,,,,,,,"
"행하경로당,35.7100984,126.7546241,063-580-4572,,,,,,,,,,,,,,,,,,,,,,,,,,,"
"연곡경로당,35.7107561,126.7478455,063-580-4572,,,,,,,,,,,,,,,,,,,,,,,,,,,"
"회성경로당,35.7047186,126.7461434,063-580-4572,,,,,,,,,,,,,,,,,,,,,,,,,,,"
"효동경로당,35.7058757,126.7439619,063-580-4572,,,,,,,,,,,,,,,,,,,,,,,,,,,"
"상리경로당,35.7051498,126.7424535,063-580-4572,,,,,,,,,,,,,,,,,,,,,,,,,,,"
"신기경로당,35.7029355,126.7509683,063-580-4572,,,,,,,,,,,,,,,,,,,,,,,,,,,"
"월리경로당,35.7007185,126.7481281,063-580-4572,,,,,,,,,,,,,,,,,,,,,,,,,,,"
"월신경로당,35.6981806,126.7648531,063-580-4572,,,,,,,,,,,,,,,,,,,,,,,,,,,"
"중리경로당,35.7020287,126.7448864,063-580-4572,,,,,,,,,,,,,,,,,,,,,,,,,,,"
"구덕경로당,35.6788962,126.730612,063-580-4572,,,,,,,,,,,,,,,,,,,,,,,,,,,"
"돌모산경로당,35.6863469,126.7347111,063-580-4572,,,,,,,,,,,,,,,,,,,,,,,,,,,"
"용정 경로당,36.963853,127.936738,043-850-6534,,,,,,,,,,,,,,,,,,,,,,,,,,,"
"남산 경로당,36.95935,127.942446,043-850-6534,,,,,,,,,,,,,,,,,,,,,,,,,,,"
"동탄복합문화센터도서관,37.2028608,127.0769315,031-5189-1620,,,,,,,,,,,,,,,,,,,,,,,,,,,"
"신일유토빌 경로당,37.2082409,127.075852,031-5189-1620,,,,,,,,,,,,,,,,,,,,,,,,,,,"
"메타폴리스 제2경로당,37.2027748,127.0682472,031-5189-1620,,,,,,,,,,,,,,,,,,,,,,,,,,,"
"삼성래미안경로당,37.2009958,127.0700601,031-5189-1620,,,,,,,,,,,,,,,,,,,,,,,,,,,"
"메타역롯데캐슬 경로당(다숲캐슬경로당),37.2009958,127.0700601,031-5189-1620,,,,,,,,,,,,,,,,,,,,,,,,,,,"
"용산2구 경로당,36.962196,127.940344,043-850-6534,,,,,,,,,,,,,,,,,,,,,,,,,,,"
"영진보람아파트 경로당,36.965827,127.937972,043-850-6534,,,,,,,,,,,,,,,,,,,,,,,,,,,"
"대림아파트 경로당,36.965676,127.941655,043-850-6534,,,,,,,,,,,,,,,,,,,,,,,,,,,"
"신원8차아파트 경로당,36.962224,127.940737,043-850-6534,,,,,,,,,,,,,,,,,,,,,,,,,,,"
"신원10차아파트 경로당,36.964874,127.941791,043-850-6534,,,,,,,,,,,,,,,,,,,,,,,,,,,"
"용산아파트 경로당,36.958635,127.937102,043-850-6534,,,,,,,,,,,,,,,,,,,,,,,,,,,"
"용산3주공아파트 경로당,36.961108,127.945499,043-850-6534,,,,,,,,,,,,,,,,,,,,,,,,,,,"
"금추경로당,35.7036575,126.7724006,063-580-4572,,,,,,,,,,,,,,,,,,,,,,,,,,,"
"행상경로당,35.711698,126.7513992,063-580-4572,,,,,,,,,,,,,,,,,,,,,,,,,,,"
"포2리 복골 경로당,36.703608,128.517778,054-650-6332,,,,,,,,,,,,,,,,,,,,,,,,,,,"
"덕율1리경로당,36.710558,128.498226,054-650-6332,,,,,,,,,,,,,,,,,,,,,,,,,,,"
"덕율2리 경로당,36.701603,128.50194,054-650-6332,,,,,,,,,,,,,,,,,,,,,,,,,,,"
"소태면 복탄진료소,37.114466,127.821916,043-850-6534,,,,,,,,,,,,,,,,,,,,,,,,,,,"
"약천경로당,34.492593,126.743064,061-430-3934,,,,,,,,,,,,,,,,,,,,,,,,,,,"
"계향2리 경로당,37.1453465,126.9857893,031-5189-2346,,,,,,,,,,,,,,,,,,,,,,,,,,,"
"봉곡1구경로당,35.641203,128.107874,055-930-3489,,,,,,,,,,,,,,,,,,,,,,,,,,,"
"새솔동 대방1차 경로당(4통),37.286,126.8193,031-5189-2346,,,,,,,,,,,,,,,,,,,,,,,,,,,"
"하청 경로당,37.091104,127.846517,043-850-6534,,,,,,,,,,,,,,,,,,,,,,,,,,,"
"조기암 경로당,37.1343306,127.803042,043-850-6534,,,,,,,,,,,,,,,,,,,,,,,,,,,"
"세포 경로당,37.1507307,127.8211408,043-850-6534,,,,,,,,,,,,,,,,,,,,,,,,,,,"
"주공12단지 경로당,37.217778,127.0411452,031-5189-2346,,,,,,,,,,,,,,,,,,,,,,,,,,,"
"별묘 경로당,37.111433,127.846263,043-850-6534,,,,,,,,,,,,,,,,,,,,,,,,,,,"
"가청 경로당,37.1015,127.851818,043-850-6534,,,,,,,,,,,,,,,,,,,,,,,,,,,"
"월드메르디앙 경로당,37.2153557,127.0358016,031-5189-2346,,,,,,,,,,,,,,,,,,,,,,,,,,,"
"푸르지오 경로당,37.2275631,127.0444019,031-5189-2346,,,,,,,,,,,,,,,,,,,,,,,,,,,"
"참누리1단지 경로당,37.2200154,127.0504352,031-5189-2346,,,,,,,,,,,,,,,,,,,,,,,,,,,"
"주공11단지 경로당,37.2163943,127.0449823,031-5189-2346,,,,,,,,,,,,,,,,,,,,,,,,,,,"
"기산3통 경로당,37.2264579,127.0358969,031-5189-2346,,,,,,,,,,,,,,,,,,,,,,,,,,,"
"화남2차 경로당,37.2122299,127.0370356,031-5189-2346,,,,,,,,,,,,,,,,,,,,,,,,,,,"
"중앙경로당,37.3961565,126.9188932,031-8045-5859,,,,,,,,,,,,,,,,,,,,,,,,,,,"
"서삼경로당,35.5171966,126.6985738,063-560-2668,,,,,,,,,,,,,,,,,,,,,,,,,,,"
"월봉경로당,35.3937752,126.6040233,063-560-2668,,,,,,,,,,,,,,,,,,,,,,,,,,,"
"성원아파트 경로당,37.4069572,126.9525415,031-8045-5859,,,,,,,,,,,,,,,,,,,,,,,,,,,"
"은하수신성아파트경로당,37.3939936,126.9485664,031-8045-5859,,,,,,,,,,,,,,,,,,,,,,,,,,,"
"관악주공아파트경로당,37.3953233,126.9477618,031-8045-5859,,,,,,,,,,,,,,,,,,,,,,,,,,,"
"샛별경로당,37.3956813,126.9523108,031-8045-5859,,,,,,,,,,,,,,,,,,,,,,,,,,,"
"현지에버빌A경로당,37.430505,126.9023359,031-8045-5859,,,,,,,,,,,,,,,,,,,,,,,,,,,"
"충훈벌말경로당,37.4060112,126.9000399,031-8045-5859,,,,,,,,,,,,,,,,,,,,,,,,,,,"
"박달경로당,37.4039701,126.9088107,031-8045-5859,,,,,,,,,,,,,,,,,,,,,,,,,,,"
"한신1차(아)경로당,37.4047882,126.9052005,031-8045-5859,,,,,,,,,,,,,,,,,,,,,,,,,,,"
"석수엘지빌리지3·4단지경로당,37.4296829,126.9005066,031-8045-5859,,,,,,,,,,,,,,,,,,,,,,,,,,,"
"평촌더샵(아),37.4000879,126.9634473,031-8045-5859,,,,,,,,,,,,,,,,,,,,,,,,,,,"
"한미(아)경로당,37.390064,126.9747663,031-8045-5859,,,,,,,,,,,,,,,,,,,,,,,,,,,"
"어바인퍼스트2단지 경로당,37.3753,126.9551,031-8045-5859,,,,,,,,,,,,,,,,,,,,,,,,,,,"
"효성A,37.3854267,126.9475794,031-8045-5859,,,,,,,,,,,,,,,,,,,,,,,,,,,"
"금호A,37.3815137,126.948384,031-8045-5859,,,,,,,,,,,,,,,,,,,,,,,,,,,"
"신성미소지움A,37.3833722,126.9493389,031-8045-5859,,,,,,,,,,,,,,,,,,,,,,,,,,,"
"동안경로당,37.4029346,126.9606927,031-8045-5859,,,,,,,,,,,,,,,,,,,,,,,,,,,"
"인덕원삼성(아),37.3983918,126.9793475,031-8045-5859,,,,,,,,,,,,,,,,,,,,,,,,,,,"
"친목마을경로당,37.4084593,126.8859181,031-8045-5859,,,,,,,,,,,,,,,,,,,,,,,,,,,"
"우성아파트 경로당,37.4004714,126.9082689,031-8045-5859,,,,,,,,,,,,,,,,,,,,,,,,,,,"
"대림경로당,35.7296342,126.737904,063-580-4572,,,,,,,,,,,,,,,,,,,,,,,,,,,"
"선학근린공원 정자2,37.4298703,126.6984022,null,,,,,,,,,,,,,,,,,,,,,,,,,,,"
"선유공원 정자,37.4300237,126.6965675,null,,,,,,,,,,,,,,,,,,,,,,,,,,,"
"임광그대가3차,37.3832741,126.9512218,031-8045-5859,,,,,,,,,,,,,,,,,,,,,,,,,,,"
"e-편한세상(아)경로당,37.3635062,126.96275,031-8045-5859,,,,,,,,,,,,,,,,,,,,,,,,,,,"
"호성경로당,37.3638089,126.9641876,031-8045-5859,,,,,,,,,,,,,,,,,,,,,,,,,,,"
"현대홈타운(아)경로당,37.3646062,126.9606042,031-8045-5859,,,,,,,,,,,,,,,,,,,,,,,,,,,"
"삼익(아)경로당,37.3659657,126.9589756,031-8045-5859,,,,,,,,,,,,,,,,,,,,,,,,,,,"
"샘마을쌍용(아),37.3766303,126.9678626,031-8045-5859,,,,,,,,,,,,,,,,,,,,,,,,,,,"
"인덕원메트로빌(아),37.402061,126.9755495,031-8045-5859,,,,,,,,,,,,,,,,,,,,,,,,,,,"
"부령노우회,35.7285102,126.7307101,063-580-4572,,,,,,,,,,,,,,,,,,,,,,,,,,,"
"원도장공원 정자2,37.4243365,126.696943,null,,,,,,,,,,,,,,,,,,,,,,,,,,,"
"연수2녹지 정자,37.4162034,126.6933274,null,,,,,,,,,,,,,,,,,,,,,,,,,,,"
"문화공원 정자,37.4177287,126.6819119,null,,,,,,,,,,,,,,,,,,,,,,,,,,,"
"문화공원 정자7,37.417635,126.6811073,null,,,,,,,,,,,,,,,,,,,,,,,,,,,"
"경우경로당,35.7282736,126.7276083,063-580-4572,,,,,,,,,,,,,,,,,,,,,,,,,,,"
"검장경로당,35.6902521,126.743121,063-580-4572,,,,,,,,,,,,,,,,,,,,,,,,,,,"
"고창부안축산농협부안지점,35.727003,126.738403,063-580-4572,,,,,,,,,,,,,,,,,,,,,,,,,,,"
"부안수협부안지점,35.725544,126.736839,063-580-4572,,,,,,,,,,,,,,,,,,,,,,,,,,,"
"부안읍행정복지센터,35.7295981,126.7367095,063-580-4572,,,,,,,,,,,,,,,,,,,,,,,,,,,"
"춘양 보건지소,36.938094,128.915682,054-679-6503,,,,,,,,,,,,,,,,,,,,,,,,,,,"
"부안신협,35.724068,126.737028,063-580-4572,,,,,,,,,,,,,,,,,,,,,,,,,,,"
"신영통현대2단지경로당,37.2316431,127.0565213,031-5189-2346,,,,,,,,,,,,,,,,,,,,,,,,,,,"
"상운면사무소,36.83376,128.755154,054-679-6503,,,,,,,,,,,,,,,,,,,,,,,,,,,"
"상운 보건지소,36.835564,128.756602,054-679-6503,,,,,,,,,,,,,,,,,,,,,,,,,,,"
"복탄2경로당,37.1202267,127.8229723,043-850-6534,,,,,,,,,,,,,,,,,,,,,,,,,,,"
"오량경로당,37.1228779,127.8472125,043-850-6534,,,,,,,,,,,,,,,,,,,,,,,,,,,"
"덕은경로당,37.1442975,127.7963828,043-850-6534,,,,,,,,,,,,,,,,,,,,,,,,,,,"
"은대경로당,37.1420127,127.8595279,043-850-6534,,,,,,,,,,,,,,,,,,,,,,,,,,,"
"송전경로당,37.1306334,127.8807846,043-850-6534,,,,,,,,,,,,,,,,,,,,,,,,,,,"
"국민은행,35.725711,126.737021,063-580-4572,,,,,,,,,,,,,,,,,,,,,,,,,,,"
"NH농협은행,35.726541,126.733549,063-580-4572,,,,,,,,,,,,,,,,,,,,,,,,,,,"
"광암경로당,36.334438,126.8812043,null,,,,,,,,,,,,,,,,,,,,,,,,,,,"
"현동교,36.651611,129.115446,054-680-6752,,,,,,,,,,,,,,,,,,,,,,,,,,,"
"도천1리 마을회관,36.858691,128.900758,054-679-6503,,,,,,,,,,,,,,,,,,,,,,,,,,,"
"삼동1리 마을회관,36.858808,128.899984,054-679-6503,,,,,,,,,,,,,,,,,,,,,,,,,,,"
"재산면사무소,36.81603,128.961891,054-679-6503,,,,,,,,,,,,,,,,,,,,,,,,,,,"
"재산면 복지회관,36.814579,128.961388,054-679-6503,,,,,,,,,,,,,,,,,,,,,,,,,,,"
"명호면사무소,36.86784,128.922925,054-679-6503,,,,,,,,,,,,,,,,,,,,,,,,,,,"
"문학1리 마을회관,37.1515189,126.9587568,031-5189-2346,,,,,,,,,,,,,,,,,,,,,,,,,,,"
"중앙경로당,35.7302071,126.7343964,063-580-4572,,,,,,,,,,,,,,,,,,,,,,,,,,,"
"야곡 경로당,37.111381,127.879546,043-850-6534,,,,,,,,,,,,,,,,,,,,,,,,,,,"
"가정 경로당,37.098799,127.877237,043-850-6534,,,,,,,,,,,,,,,,,,,,,,,,,,,"
"용동경로당,34.716949,126.769078,061-430-3934,,,,,,,,,,,,,,,,,,,,,,,,,,,"
"용정경로당,34.7179732,126.7658176,061-430-3934,,,,,,,,,,,,,,,,,,,,,,,,,,,"
"구상경로당,34.722365,126.764456,061-430-3934,,,,,,,,,,,,,,,,,,,,,,,,,,,"
"척동경로당,34.727456,126.761651,061-430-3934,,,,,,,,,,,,,,,,,,,,,,,,,,,"
"군자경로당,34.714632,126.758403,061-430-3934,,,,,,,,,,,,,,,,,,,,,,,,,,,"
"문학4리 마을회관,37.1509825,126.9726669,031-5189-2346,,,,,,,,,,,,,,,,,,,,,,,,,,,"
"신월경로당,34.753592,126.733924,061-430-3934,,,,,,,,,,,,,,,,,,,,,,,,,,,"
"금당경로당,34.667832,126.731466,061-430-3934,,,,,,,,,,,,,,,,,,,,,,,,,,,"
"성전면사무소,34.692753,126.708887,061-430-3934,,,,,,,,,,,,,,,,,,,,,,,,,,,"
"석포4리 경로당,37.1304289,126.8408211,031-5189-2346,,,,,,,,,,,,,,,,,,,,,,,,,,,"
"석포5리 경로당,37.1452489,126.8405162,031-5189-2346,,,,,,,,,,,,,,,,,,,,,,,,,,,"
"밤고개 마을회관 정자,36.638597,128.362844,054-650-6608,,,,,,,,,,,,,,,,,,,,,,,,,,,"
"고림리 마을회관 정자,36.6510904,128.3592962,054-650-6608,,,,,,,,,,,,,,,,,,,,,,,,,,,"
"죽안리 마을회관,36.6657395,128.3453171,054-650-6608,,,,,,,,,,,,,,,,,,,,,,,,,,,"
"마천리 마을회관,36.6790969,128.3492335,054-650-6608,,,,,,,,,,,,,,,,,,,,,,,,,,,"
"화지2리 마을회관,36.6360865,128.4022491,054-650-6608,,,,,,,,,,,,,,,,,,,,,,,,,,,"
"산합2교 교량하부,36.5742758,128.4781549,054-650-6607,,,,,,,,,,,,,,,,,,,,,,,,,,,"
"괘랑4리 경로당,37.1727372,126.9833739,031-5189-2346,,,,,,,,,,,,,,,,,,,,,,,,,,,"
"예천읍행정복지센터,36.6568843,128.4527962,054-650-6332,,,,,,,,,,,,,,,,,,,,,,,,,,,"
"벌말경로당,36.2967118,127.3785408,042-288-2119,,,,,,,,,,,,,,,,,,,,,,,,,,,"
"감천면사무소,36.7219775,128.5274887,054-650-6332,,,,,,,,,,,,,,,,,,,,,,,,,,,"
"포리복지회관,36.7212508,128.5262611,054-650-6332,,,,,,,,,,,,,,,,,,,,,,,,,,,"
"감천경로당,36.7212508,128.5262611,054-650-6332,,,,,,,,,,,,,,,,,,,,,,,,,,,"
"포2리경로당,36.7124248,128.5197552,054-650-6332,,,,,,,,,,,,,,,,,,,,,,,,,,,"
"포1리경로당,36.7232585,128.5284901,054-650-6332,,,,,,,,,,,,,,,,,,,,,,,,,,,"
"동중4리경로당,35.7294342,126.7356986,063-580-4572,,,,,,,,,,,,,,,,,,,,,,,,,,,"
"동중6구경로당,35.7303477,126.7336219,063-580-4572,,,,,,,,,,,,,,,,,,,,,,,,,,,"
"부안노휴재,35.732012,126.734275,063-580-4572,,,,,,,,,,,,,,,,,,,,,,,,,,,"
"상원경로당,35.7308953,126.7386647,063-580-4572,,,,,,,,,,,,,,,,,,,,,,,,,,,"
"하림1구경로당,35.7486141,128.1558584,055-930-3489,,,,,,,,,,,,,,,,,,,,,,,,,,,"
"하림2구경로당,35.7457831,128.1506701,055-930-3489,,,,,,,,,,,,,,,,,,,,,,,,,,,"
"야로부녀경로당,35.7052365,128.1699047,055-930-3489,,,,,,,,,,,,,,,,,,,,,,,,,,,"
"하빈부녀경로당,35.7092518,128.1781355,055-930-3489,,,,,,,,,,,,,,,,,,,,,,,,,,,"
"변주실마을회관,35.7432071,128.1443849,055-930-3489,,,,,,,,,,,,,,,,,,,,,,,,,,,"
"상나대경로당,35.7416415,128.1739817,055-930-3489,,,,,,,,,,,,,,,,,,,,,,,,,,,"
"망월리 마을회관,37.1497188,127.0116222,031-5189-2346,,,,,,,,,,,,,,,,,,,,,,,,,,,"
"덕절2리 마을회관,37.1400356,127.0273148,031-5189-2346,,,,,,,,,,,,,,,,,,,,,,,,,,,"
"동남훼미리 관리사무소동,37.1618393,126.984004,031-5189-2346,,,,,,,,,,,,,,,,,,,,,,,,,,,"
"남수원두산 경로당,37.2049826,127.0422759,031-5189-2346,,,,,,,,,,,,,,,,,,,,,,,,,,,"
"윗통명경로당,36.661669,128.482765,054-650-6919,,,,,,,,,,,,,,,,,,,,,,,,,,,"
"우계리경로당,36.672622,128.465951,054-650-6332,,,,,,,,,,,,,,,,,,,,,,,,,,,"
"광대원경로당,36.674734,128.467452,054-650-6332,,,,,,,,,,,,,,,,,,,,,,,,,,,"
"갈구1리경로당,36.692825,128.488924,054-650-6332,,,,,,,,,,,,,,,,,,,,,,,,,,,"
"갈구2리경로당,36.6849955,128.4713928,054-650-6332,,,,,,,,,,,,,,,,,,,,,,,,,,,"
"하남 경로당,37.1540876,127.847832,043-850-6534,,,,,,,,,,,,,,,,,,,,,,,,,,,"
"외촌 경로당,37.15969,127.886956,043-850-6534,,,,,,,,,,,,,,,,,,,,,,,,,,,"
"송화마을 우남3차 경로당,37.1984425,127.042505,031-5189-2346,,,,,,,,,,,,,,,,,,,,,,,,,,,"
"병점한일타운 경로당,37.1998502,127.0383081,031-5189-2346,,,,,,,,,,,,,,,,,,,,,,,,,,,"
"병점주공 1단지 경로당,37.2072637,127.0402193,031-5189-2346,,,,,,,,,,,,,,,,,,,,,,,,,,,"
"신흑5통 경로당,36.3101627,126.5202091,041-930-4985,,,,,,,,,,,,,,,,,,,,,,,,,,,"
"대천5동분회경로당(탑동경로당2층),36.3109954,126.5174836,041-930-4985,,,,,,,,,,,,,,,,,,,,,,,,,,,"
"요암1통 마을회관,36.3348847,126.5668421,041-930-4985,,,,,,,,,,,,,,,,,,,,,,,,,,,"
"동충주농협소태면지점,37.109191,127.846288,043-850-6534,,,,,,,,,,,,,,,,,,,,,,,,,,,"
"복탄1경로당,37.0995236,127.827476,043-850-6534,,,,,,,,,,,,,,,,,,,,,,,,,,,"
"야촌경로당,37.1586037,127.8639437,043-850-6534,,,,,,,,,,,,,,,,,,,,,,,,,,,"
"구룡경로당,37.1278357,127.8813268,043-850-6534,,,,,,,,,,,,,,,,,,,,,,,,,,,"
"의양3리 마을회관,36.93511,128.914868,054-679-6503,,,,,,,,,,,,,,,,,,,,,,,,,,,"
"춘양농협,36.93985,128.912982,054-679-6503,,,,,,,,,,,,,,,,,,,,,,,,,,,"
"춘양 복지회관,36.934878,128.914457,054-679-6503,,,,,,,,,,,,,,,,,,,,,,,,,,,"
"소천면사무소,36.9358989,129.0066035,054-679-6503,,,,,,,,,,,,,,,,,,,,,,,,,,,"
"주공9단지 경로당,37.213138,127.0445726,031-5189-2346,,,,,,,,,,,,,,,,,,,,,,,,,,,"
"주공5단지 경로당,37.2101819,127.0467505,031-5189-2346,,,,,,,,,,,,,,,,,,,,,,,,,,,"
"주공3단지 경로당,37.2099746,127.0433845,031-5189-2346,,,,,,,,,,,,,,,,,,,,,,,,,,,"
"주공2단지 경로당,37.2088786,127.0415733,031-5189-2346,,,,,,,,,,,,,,,,,,,,,,,,,,,"
"신창2차 경로당,37.2079177,127.0475563,031-5189-2346,,,,,,,,,,,,,,,,,,,,,,,,,,,"
"대심2리경로당,36.645153,128.435087,054-650-6332,,,,,,,,,,,,,,,,,,,,,,,,,,,"
"대심3리경로당,36.6505,128.444098,054-650-6332,,,,,,,,,,,,,,,,,,,,,,,,,,,"
"상평경로당,34.703362,126.769803,061-430-3934,,,,,,,,,,,,,,,,,,,,,,,,,,,"
"하평경로당,34.703659,126.775125,061-430-3934,,,,,,,,,,,,,,,,,,,,,,,,,,,"
"내동마을회관,34.719182,126.780464,061-430-3934,,,,,,,,,,,,,,,,,,,,,,,,,,,"
"신기경로당,34.723184,126.78046,061-430-3934,,,,,,,,,,,,,,,,,,,,,,,,,,,"
"부와경로당,34.725469,126.784521,061-430-3934,,,,,,,,,,,,,,,,,,,,,,,,,,,"
"죽산경로당,34.72003,126.771587,061-430-3934,,,,,,,,,,,,,,,,,,,,,,,,,,,"
"남곡3통경로당,36.3359246,126.562357,041-930-4985,,,,,,,,,,,,,,,,,,,,,,,,,,,"
"명천8통 경로당,36.3408799,126.6025967,041-930-4964,,,,,,,,,,,,,,,,,,,,,,,,,,,"
"명천1통 경로당,36.3415571,126.5982834,041-930-4964,,,,,,,,,,,,,,,,,,,,,,,,,,,"
"다정마을 신한1단지 경로당,37.209397,127.0388178,031-5189-2346,,,,,,,,,,,,,,,,,,,,,,,,,,,"
"다정마을 2단지 경로당,37.2083727,127.03918,031-5189-2346,,,,,,,,,,,,,,,,,,,,,,,,,,,"
"임광그대가 경로당,37.2016045,127.0424087,031-5189-2346,,,,,,,,,,,,,,,,,,,,,,,,,,,"
"SK뷰(아) 경로당,37.2048996,127.0387059,031-5189-2346,,,,,,,,,,,,,,,,,,,,,,,,,,,"
"병점도서관,37.2123575,127.0461147,031-5189-2346,,,,,,,,,,,,,,,,,,,,,,,,,,,"
"신미주경로당,37.2121127,127.0515369,031-5189-2346,,,,,,,,,,,,,,,,,,,,,,,,,,,"
"느치미경로당,37.2088536,127.0440521,031-5189-2346,,,,,,,,,,,,,,,,,,,,,,,,,,,"
"효성해링턴플레이스 경로당,37.2046991,127.0362075,031-5189-2346,,,,,,,,,,,,,,,,,,,,,,,,,,,"
"병점4통 경로당,37.2035922,127.0352753,031-5189-2346,,,,,,,,,,,,,,,,,,,,,,,,,,,"
"야로면분회,35.7052365,128.1699047,055-930-3489,,,,,,,,,,,,,,,,,,,,,,,,,,,"
"대명11동경로당,35.8328126,128.5639255,053-664-2924,,,,,,,,,,,,,,,,,,,,,,,,,,,"
"도촌1리 경로당,36.89284,128.726886,054-679-6503,,,,,,,,,,,,,,,,,,,,,,,,,,,"
"상금3리경로당,36.688863,128.411789,054-650-6332,,,,,,,,,,,,,,,,,,,,,,,,,,,"
"금당실마을북촌경로당,36.693097,128.407067,054-650-6332,,,,,,,,,,,,,,,,,,,,,,,,,,,"
"하금1리경로당,36.685299,128.423239,054-650-6332,,,,,,,,,,,,,,,,,,,,,,,,,,,"
"하금2리경로당,36.6869505,128.42083,054-650-6332,,,,,,,,,,,,,,,,,,,,,,,,,,,"
"주공4단지 경로당,37.2073238,127.0454233,031-5189-2346,,,,,,,,,,,,,,,,,,,,,,,,,,,"
"우남1차 경로당,37.2067758,127.0433911,031-5189-2346,,,,,,,,,,,,,,,,,,,,,,,,,,,"
"우남2차 경로당,37.2143302,127.0460335,031-5189-2346,,,,,,,,,,,,,,,,,,,,,,,,,,,"
"주공8단지 경로당,37.2156819,127.0460391,031-5189-2346,,,,,,,,,,,,,,,,,,,,,,,,,,,"
"주공7단지 경로당,37.2135165,127.049052,031-5189-2346,,,,,,,,,,,,,,,,,,,,,,,,,,,"
"주공6단지 경로당,37.2124418,127.0498766,031-5189-2346,,,,,,,,,,,,,,,,,,,,,,,,,,,"
"이편한세상 경로당(반월20,21,22통),37.2255156,127.0610487,031-5189-2346,,,,,,,,,,,,,,,,,,,,,,,,,,,"
"서신경로당,35.7247186,126.7298008,063-580-4572,,,,,,,,,,,,,,,,,,,,,,,,,,,"
"서외3구경로당,35.7295744,126.7283967,063-580-4572,,,,,,,,,,,,,,,,,,,,,,,,,,,"
"서외5구경로당,35.7248099,126.731506,063-580-4572,,,,,,,,,,,,,,,,,,,,,,,,,,,"
"서외주공경로당,35.7213192,126.7305502,063-580-4572,,,,,,,,,,,,,,,,,,,,,,,,,,,"
"아제경로당,35.7212809,126.726059,063-580-4572,,,,,,,,,,,,,,,,,,,,,,,,,,,"
"오정경로당,35.7243353,126.7322553,063-580-4572,,,,,,,,,,,,,,,,,,,,,,,,,,,"
"석정리경로당,36.6524393,128.4203329,054-650-6332,,,,,,,,,,,,,,,,,,,,,,,,,,,"
"남곡1통경로당,36.3348847,126.5668421,041-930-4985,,,,,,,,,,,,,,,,,,,,,,,,,,,"
"수촌3리 경로당,37.1047986,126.8488058,031-5189-2346,,,,,,,,,,,,,,,,,,,,,,,,,,,"
"수촌4리 경로당,37.0940664,126.8693958,031-5189-2346,,,,,,,,,,,,,,,,,,,,,,,,,,,"
"어은1리 경로당,37.094975,126.8348034,031-5189-2346,,,,,,,,,,,,,,,,,,,,,,,,,,,"
"어은2리 경로당,37.0872722,126.8267325,031-5189-2346,,,,,,,,,,,,,,,,,,,,,,,,,,,"
"어은3리 경로당,37.0889218,126.8396089,031-5189-2346,,,,,,,,,,,,,,,,,,,,,,,,,,,"
"장안1,2리 경로당(할아버지),37.0402486,126.8539514,031-5189-2346,,,,,,,,,,,,,,,,,,,,,,,,,,,"
"장안3리 경로당,37.0386465,126.8522782,031-5189-2346,,,,,,,,,,,,,,,,,,,,,,,,,,,"
"덕촌경로당,35.7332821,126.7445442,063-580-4572,,,,,,,,,,,,,,,,,,,,,,,,,,,"
"주덕농협,36.973466,127.797475,043-850-6534,,,,,,,,,,,,,,,,,,,,,,,,,,,"
"신양5리 경로당,36.972032,127.797238,043-850-6534,,,,,,,,,,,,,,,,,,,,,,,,,,,"
"신촌1리 경로당,36.9764,127.790386,043-850-6534,,,,,,,,,,,,,,,,,,,,,,,,,,,"
"신촌2리 경로당,36.976695,127.789082,043-850-6534,,,,,,,,,,,,,,,,,,,,,,,,,,,"
"고평2리경로당,36.6421282,128.4824378,054-650-6332,,,,,,,,,,,,,,,,,,,,,,,,,,,"
"상동리경로당,36.636724,128.42086,054-650-6332,,,,,,,,,,,,,,,,,,,,,,,,,,,"
"개단3리 경로당,36.986085,128.701066,054-679-6503,,,,,,,,,,,,,,,,,,,,,,,,,,,"
"개단5리 경로당,36.986095,128.701071,054-679-6503,,,,,,,,,,,,,,,,,,,,,,,,,,,"
"오전1리 경로당,36.998784,128.715343,054-679-6503,,,,,,,,,,,,,,,,,,,,,,,,,,,"
"압동1리 경로당,36.973402,128.745939,054-679-6503,,,,,,,,,,,,,,,,,,,,,,,,,,,"
"샘실 경로당,36.983938,128.739983,054-679-6503,,,,,,,,,,,,,,,,,,,,,,,,,,,"
"맹동 경로당,36.968667,127.761196,043-850-6534,,,,,,,,,,,,,,,,,,,,,,,,,,,"
"용산1구 경로당,36.965574,127.936074,043-850-6534,,,,,,,,,,,,,,,,,,,,,,,,,,,"
"방송리경로당,36.6784265,128.3810101,054-650-6332,,,,,,,,,,,,,,,,,,,,,,,,,,,"
"노사1리경로당,36.683745,128.3714572,054-650-6332,,,,,,,,,,,,,,,,,,,,,,,,,,,"
"노사2리경로당,36.6843362,128.3604547,054-650-6332,,,,,,,,,,,,,,,,,,,,,,,,,,,"
"주공2차경로당,35.7199842,126.7362046,063-580-4572,,,,,,,,,,,,,,,,,,,,,,,,,,,"
"주공아파트경로당,35.7240047,126.7407814,063-580-4572,,,,,,,,,,,,,,,,,,,,,,,,,,,"
"진성경로당,35.7246831,126.7385839,063-580-4572,,,,,,,,,,,,,,,,,,,,,,,,,,,"
"진성여자경로당,35.7246995,126.7385459,063-580-4572,,,,,,,,,,,,,,,,,,,,,,,,,,,"
"취덕경로당,35.7177892,126.7347807,063-580-4572,,,,,,,,,,,,,,,,,,,,,,,,,,,"
"생천리(솟골)경로당,36.6844163,128.4595377,054-650-6332,,,,,,,,,,,,,,,,,,,,,,,,,,,"
"용산1리경로당,36.676624,128.444707,054-650-6332,,,,,,,,,,,,,,,,,,,,,,,,,,,"
"용산2(새벽골)경로당,36.6668447,128.4299898,054-650-6332,,,,,,,,,,,,,,,,,,,,,,,,,,,"
"고평1리경로당,36.64531,128.4870476,054-650-6332,,,,,,,,,,,,,,,,,,,,,,,,,,,"
"전북은행,35.7278509,126.7370188,063-580-4572,,,,,,,,,,,,,,,,,,,,,,,,,,,"
"부안농협,35.7257743,126.7356484,063-580-4572,,,,,,,,,,,,,,,,,,,,,,,,,,,"
"부풍율회,35.7284339,126.7344434,063-580-4572,,,,,,,,,,,,,,,,,,,,,,,,,,,"
"선은경로당,35.7403647,126.7353017,063-580-4572,,,,,,,,,,,,,,,,,,,,,,,,,,,"
"당우 할아버지 경로당,36.997153,127.761365,043-850-6534,,,,,,,,,,,,,,,,,,,,,,,,,,,"
"창전5리 경로당,36.971074,127.780371,043-850-6534,,,,,,,,,,,,,,,,,,,,,,,,,,,"
"창전4리 경로당,36.972179,127.773573,043-850-6534,,,,,,,,,,,,,,,,,,,,,,,,,,,"
"창전1리 경로당,36.97235,127.768833,043-850-6534,,,,,,,,,,,,,,,,,,,,,,,,,,,"
"백전2(남)경로당,36.663711,128.458649,054-650-6332,,,,,,,,,,,,,,,,,,,,,,,,,,,"
"동본1리경로당,36.656279,128.457922,054-650-6332,,,,,,,,,,,,,,,,,,,,,,,,,,,"
"동본2리경로당,36.655794,128.469038,054-650-6332,,,,,,,,,,,,,,,,,,,,,,,,,,,"
"남본2리경로당,36.6495765,128.4609578,054-650-6332,,,,,,,,,,,,,,,,,,,,,,,,,,,"
"남산경로당,36.65167,128.456531,054-650-6332,,,,,,,,,,,,,,,,,,,,,,,,,,,"
"서본2리경로당,36.653586,128.447818,054-650-6332,,,,,,,,,,,,,,,,,,,,,,,,,,,"
"한일주택경로당,36.648883,128.447556,054-650-6332,,,,,,,,,,,,,,,,,,,,,,,,,,,"
"대심1리경로당,36.651264,128.439897,054-650-6332,,,,,,,,,,,,,,,,,,,,,,,,,,,"
"명천 제1근린공원 정자,36.3384588,126.6053617,041-930-4964,,,,,,,,,,,,,,,,,,,,,,,,,,,"
"대사경로당,36.3151466,127.4238432,042-606-7455,,,,,,,,,,,,,,,,,,,,,,,,,,,"
"공원경로당,36.3128591,127.4211824,042-606-7455,,,,,,,,,,,,,,,,,,,,,,,,,,,"
"소태면사무소,37.109996,127.84759,043-850-6534,,,,,,,,,,,,,,,,,,,,,,,,,,,"
"부안우체국,35.7283246,126.7369805,063-580-4572,,,,,,,,,,,,,,,,,,,,,,,,,,,"
"현동4리 경로당,36.938827,129.00169,054-679-6503,,,,,,,,,,,,,,,,,,,,,,,,,,,"
"덕흥장미아파트 경로당,36.648952,128.441114,054-650-6332,,,,,,,,,,,,,,,,,,,,,,,,,,,"
"대심1(남)경로당,36.652176,128.439421,054-650-6332,,,,,,,,,,,,,,,,,,,,,,,,,,,"
"주공아파트 경로당,36.652997,128.441584,054-650-6332,,,,,,,,,,,,,,,,,,,,,,,,,,,"
"노하리 마을문화쉼터,36.6570436,128.4552947,054-650-6332,,,,,,,,,,,,,,,,,,,,,,,,,,,"
"대창아파트 경로당,37.2063314,127.0385863,031-5189-2346,,,,,,,,,,,,,,,,,,,,,,,,,,,"
"병점한신 경로당,37.2029697,127.042966,031-5189-2346,,,,,,,,,,,,,,,,,,,,,,,,,,,"
"성호(아) 경로당,37.200185,127.0429223,031-5189-2346,,,,,,,,,,,,,,,,,,,,,,,,,,,"
"야로리2구경로당,35.7156409,128.1735862,055-930-3489,,,,,,,,,,,,,,,,,,,,,,,,,,,"
"매촌리동회관,35.720737,128.164757,055-930-3489,,,,,,,,,,,,,,,,,,,,,,,,,,,"
"외기마을회관,35.7143907,128.1626736,055-930-3489,,,,,,,,,,,,,,,,,,,,,,,,,,,"
"월광경로당,35.73131,128.1580454,055-930-3489,,,,,,,,,,,,,,,,,,,,,,,,,,,"
"나대3구경로당,35.7582,128.1725,055-930-3489,,,,,,,,,,,,,,,,,,,,,,,,,,,"
"나대2구경로당,35.7350222,128.1663209,055-930-3489,,,,,,,,,,,,,,,,,,,,,,,,,,,"
"구영경로당,35.733305,126.7384725,063-580-4572,,,,,,,,,,,,,,,,,,,,,,,,,,,"
"요암1통(1반),36.3285285,126.5503276,041-930-4985,,,,,,,,,,,,,,,,,,,,,,,,,,,"
"요암2통경로당,36.3283407,126.5580959,041-930-4985,,,,,,,,,,,,,,,,,,,,,,,,,,,"
"송산1리 경로당,37.1056233,126.986533,031-5189-2346,,,,,,,,,,,,,,,,,,,,,,,,,,,"
"명천4통 경로당,36.3415571,126.5982834,041-930-4964,,,,,,,,,,,,,,,,,,,,,,,,,,,"
"신흑7통(어항)경로당,36.3098457,126.5181652,041-930-4985,,,,,,,,,,,,,,,,,,,,,,,,,,,"
"신흑8통 경로당,36.3045855,126.5217718,041-930-4985,,,,,,,,,,,,,,,,,,,,,,,,,,,"
"신흑4통 경로당,36.3370117,126.578716,041-930-4985,,,,,,,,,,,,,,,,,,,,,,,,,,,"
"신흑1통 경로당,36.3232281,126.5113769,041-930-4985,,,,,,,,,,,,,,,,,,,,,,,,,,,"
"신흑6통경로당,36.3264836,126.5068664,041-930-4985,,,,,,,,,,,,,,,,,,,,,,,,,,,"
"병점2통 경로당,37.2087441,127.0372038,031-5189-2346,,,,,,,,,,,,,,,,,,,,,,,,,,,"
"유앤아이센터,37.2030163,127.0331648,031-5189-2346,,,,,,,,,,,,,,,,,,,,,,,,,,,"
"부안산림조합,35.723913,126.737881,063-580-4572,,,,,,,,,,,,,,,,,,,,,,,,,,,"
"부령새마을금고,35.7279475,126.7326546,063-580-4572,,,,,,,,,,,,,,,,,,,,,,,,,,,"
"생천리경로당,36.678112,128.45389,054-650-6332,,,,,,,,,,,,,,,,,,,,,,,,,,,"
"명천6통 경로당,36.3408799,126.6025967,041-930-4964,,,,,,,,,,,,,,,,,,,,,,,,,,,"
"벌말 노인회(병점1통),37.200364,127.035001,031-5189-2346,,,,,,,,,,,,,,,,,,,,,,,,,,,"
"서본1리 경로당,36.655185,128.449259,054-650-6332,,,,,,,,,,,,,,,,,,,,,,,,,,,"
"이원퍼스트 경로당,36.650568,128.445105,054-650-6332,,,,,,,,,,,,,,,,,,,,,,,,,,,"
"신왕1리 경로당,37.0837965,126.9429591,031-5189-2346,,,,,,,,,,,,,,,,,,,,,,,,,,,"
"신왕2리 경로당,37.0721426,126.949767,031-5189-2346,,,,,,,,,,,,,,,,,,,,,,,,,,,"
"신왕3리 경로당,37.0791092,126.9539559,031-5189-2346,,,,,,,,,,,,,,,,,,,,,,,,,,,"
"용소2리 경로당,37.0766118,126.9807113,031-5189-2346,,,,,,,,,,,,,,,,,,,,,,,,,,,"
"정남면 노인회,37.1687334,126.9830334,031-5189-2346,,,,,,,,,,,,,,,,,,,,,,,,,,,"
"금평2구동회관,35.7083973,128.1852938,055-930-3489,,,,,,,,,,,,,,,,,,,,,,,,,,,"
"하빈1구경로당,35.7107444,128.1783859,055-930-3489,,,,,,,,,,,,,,,,,,,,,,,,,,,"
"남곡2통 경로당,36.3275346,126.5644926,041-930-4985,,,,,,,,,,,,,,,,,,,,,,,,,,,"
"남곡1통(탑골)경로당,36.320822,126.5532994,041-930-4985,,,,,,,,,,,,,,,,,,,,,,,,,,,"
"북지2리 경로당,36.875368,128.697711,054-679-6503,,,,,,,,,,,,,,,,,,,,,,,,,,,"
"처인경로당,34.688087,126.700731,061-430-3934,,,,,,,,,,,,,,,,,,,,,,,,,,,"
"영흥리 복지회관,34.7035376,126.7163881,061-430-3934,,,,,,,,,,,,,,,,,,,,,,,,,,,"
"요암3통경로당,36.3282278,126.5425491,041-930-4985,,,,,,,,,,,,,,,,,,,,,,,,,,,"
"서운 경로당,36.9818935,128.056123,043-850-6534,,,,,,,,,,,,,,,,,,,,,,,,,,,"
"태평아파트경로당,36.3238204,127.4006573,042-606-7455,,,,,,,,,,,,,,,,,,,,,,,,,,,"
"유등마을아파트경로당,36.3306497,127.3991164,042-606-7455,,,,,,,,,,,,,,,,,,,,,,,,,,,"
"용수리 마을회관,37.1721424,127.0003063,031-5189-2346,,,,,,,,,,,,,,,,,,,,,,,,,,,"
"음양1리 마을회관,37.1412165,127.0175296,031-5189-2346,,,,,,,,,,,,,,,,,,,,,,,,,,,"
"유평경로당,36.3288241,127.3974676,042-606-7455,,,,,,,,,,,,,,,,,,,,,,,,,,,"
"태평1동주민센터,36.3261314,127.3970872,042-606-7455,,,,,,,,,,,,,,,,,,,,,,,,,,,"
"태평1경로당,36.3247463,127.399016,042-606-7455,,,,,,,,,,,,,,,,,,,,,,,,,,,"
"신1리 마을회관,37.1592213,126.981337,031-5189-2346,,,,,,,,,,,,,,,,,,,,,,,,,,,"
"신3리 마을회관,37.1642339,126.9753586,031-5189-2346,,,,,,,,,,,,,,,,,,,,,,,,,,,"
"가2리 새경로당 정자,36.6293438,128.3901589,054-650-6608,,,,,,,,,,,,,,,,,,,,,,,,,,,"
"매산리 마을회관 정자,36.6333435,128.3749091,054-650-6608,,,,,,,,,,,,,,,,,,,,,,,,,,,"
"송지리 정자,36.63896,128.3348725,054-650-6608,,,,,,,,,,,,,,,,,,,,,,,,,,,"
"보통3리 마을회관,37.1819757,126.9721459,031-5189-2346,,,,,,,,,,,,,,,,,,,,,,,,,,,"
"보통2리 마을회관,37.1902891,126.9800638,031-5189-2346,,,,,,,,,,,,,,,,,,,,,,,,,,,"
"월포리 마을쉼터 정자,36.6196408,128.4827435,054-650-6607,,,,,,,,,,,,,,,,,,,,,,,,,,,"
"산합1교 교랑하부,36.5742406,128.4725043,054-650-6607,,,,,,,,,,,,,,,,,,,,,,,,,,,"
"노상리경로당,36.658483,128.454233,054-650-6332,,,,,,,,,,,,,,,,,,,,,,,,,,,"
"백전1(남)경로당,36.659095,128.456765,054-650-6332,,,,,,,,,,,,,,,,,,,,,,,,,,,"
"백전1(여)경로당,36.659095,128.456765,054-650-6332,,,,,,,,,,,,,,,,,,,,,,,,,,,"
"동막 경로당,37.104105,127.894577,043-850-6534,,,,,,,,,,,,,,,,,,,,,,,,,,,"
"송곡 경로당,37.094209,127.873768,043-850-6534,,,,,,,,,,,,,,,,,,,,,,,,,,,"
"월촌 경로당,37.088772,127.871021,043-850-6534,,,,,,,,,,,,,,,,,,,,,,,,,,,"
"선창 경로당,37.081471,127.878446,043-850-6534,,,,,,,,,,,,,,,,,,,,,,,,,,,"
"소태면보건지소,37.109973,127.847609,043-850-6534,,,,,,,,,,,,,,,,,,,,,,,,,,,"
"서동탄역 파크자이 경로당(능6,7통),37.2023967,127.0501378,031-5189-2346,,,,,,,,,,,,,,,,,,,,,,,,,,,"
"진안도서관,37.2170849,127.0334811,031-5189-2346,,,,,,,,,,,,,,,,,,,,,,,,,,,"
"참누리2단지 경로당,37.2197517,127.0535145,031-5189-2346,,,,,,,,,,,,,,,,,,,,,,,,,,,"
"반정2통(반정기산) 경로당,37.2281241,127.0346812,031-5189-2346,,,,,,,,,,,,,,,,,,,,,,,,,,,"
"반정1통(반정향토) 경로당,37.2354699,127.0404591,031-5189-2346,,,,,,,,,,,,,,,,,,,,,,,,,,,"
"송골우남 경로당,37.1982982,127.0492091,031-5189-2346,,,,,,,,,,,,,,,,,,,,,,,,,,,"
"기산1통 경로당,37.224161,127.0460111,031-5189-2346,,,,,,,,,,,,,,,,,,,,,,,,,,,"
"래미안1차 경로당,37.222462,127.0487594,031-5189-2346,,,,,,,,,,,,,,,,,,,,,,,,,,,"
"진안동 주민센터,37.2133216,127.0349825,031-5189-2346,,,,,,,,,,,,,,,,,,,,,,,,,,,"
"춘양면사무소,36.934889,128.912439,054-679-6503,,,,,,,,,,,,,,,,,,,,,,,,,,,"
"법전면사무소,36.91013,128.874104,054-679-6503,,,,,,,,,,,,,,,,,,,,,,,,,,,"
"춘양농협 법전지점,36.910736,128.876907,054-679-6503,,,,,,,,,,,,,,,,,,,,,,,,,,,"
"법전면 보건소,36.911942,128.876644,054-679-6503,,,,,,,,,,,,,,,,,,,,,,,,,,,"
"새솔동휴먼빌 경로당(1통),37.2809,126.8235,031-5189-2346,,,,,,,,,,,,,,,,,,,,,,,,,,,"
"새솔동이지더원 경로당(2통),37.2841,126.823,031-5189-2346,,,,,,,,,,,,,,,,,,,,,,,,,,,"
"송산반도유보라 경로당(3통),37.2802,126.822,031-5189-2346,,,,,,,,,,,,,,,,,,,,,,,,,,,"
"새솔동행정복지센터,37.28,126.81,031-5189-6913,,,,,,,,,,,,,,,,,,,,,,,,,,,"
"새솔동 대방3차 경로당(8통),37.2878,126.8174,031-5189-2346,,,,,,,,,,,,,,,,,,,,,,,,,,,"
"천안역사동아라이크텐경로당,36.8087453,127.1442159,041-521-6868,,,,,,,,,,,,,,,,,,,,,,,,,,,"
"사창1리 경로당,37.0929798,126.9696934,031-5189-2346,,,,,,,,,,,,,,,,,,,,,,,,,,,"
"사창2리 경로당,37.1074963,126.9696543,031-5189-2346,,,,,,,,,,,,,,,,,,,,,,,,,,,"
"사창3리 경로당,37.0964389,126.9695565,031-5189-2346,,,,,,,,,,,,,,,,,,,,,,,,,,,"
"사창4리 경로당,37.0883451,126.9683051,031-5189-2346,,,,,,,,,,,,,,,,,,,,,,,,,,,"
"사창학구단 경로당,37.0933581,126.9707119,031-5189-2346,,,,,,,,,,,,,,,,,,,,,,,,,,,"
"송산2리 경로당,37.1038569,126.9899717,031-5189-2346,,,,,,,,,,,,,,,,,,,,,,,,,,,"
"요당3리 경로당,37.071855,126.9177663,031-5189-2346,,,,,,,,,,,,,,,,,,,,,,,,,,,"
"용소3리 경로당,37.0797328,126.9758559,031-5189-2346,,,,,,,,,,,,,,,,,,,,,,,,,,,"
"초록마을2단지경로당,36.3009111,127.3804766,042-288-2119,,,,,,,,,,,,,,,,,,,,,,,,,,,"
"초록마을3단지경로당,36.3004522,127.3793842,042-288-2119,,,,,,,,,,,,,,,,,,,,,,,,,,,"
"봉덕경로당,35.7230508,126.7460702,063-580-4572,,,,,,,,,,,,,,,,,,,,,,,,,,,"
"쟁갈경로당,35.7193905,126.7409036,063-580-4572,,,,,,,,,,,,,,,,,,,,,,,,,,,"
"수내경로당,35.7201975,126.7530972,063-580-4572,,,,,,,,,,,,,,,,,,,,,,,,,,,"
"신창1차(아) 경로당,37.2039021,127.0401492,031-5189-2346,,,,,,,,,,,,,,,,,,,,,,,,,,,"
"신흑10통(갓바위) 경로당,36.318654,126.5356908,041-930-4985,,,,,,,,,,,,,,,,,,,,,,,,,,,"
"신흑9통(산호아파트) 경로당,36.3173617,126.5208093,041-930-4985,,,,,,,,,,,,,,,,,,,,,,,,,,,"
"신흑2통(흑포)경로당,36.3216668,126.5410125,041-930-4985,,,,,,,,,,,,,,,,,,,,,,,,,,,"
"신흑3통 경로당,36.318979,126.510173,041-930-4985,,,,,,,,,,,,,,,,,,,,,,,,,,,"
"신흑1통 강당마을 경로당,36.32393,126.526167,041-930-4985,,,,,,,,,,,,,,,,,,,,,,,,,,,"
"향교경로당,35.7291565,126.7276496,063-580-4572,,,,,,,,,,,,,,,,,,,,,,,,,,,"
"반월동 행정복지센터(1층 휴게실, 2층 소회의실),37.2330452,127.0605947,031-5189-2346,,,,,,,,,,,,,,,,,,,,,,,,,,,"
"sk뷰파크 경로당,37.2225945,127.0563185,031-5189-2346,,,,,,,,,,,,,,,,,,,,,,,,,,,"
"호우노인당,35.7304267,126.732033,063-580-4572,,,,,,,,,,,,,,,,,,,,,,,,,,,"
"내항2통경로당,36.3377992,126.5523371,041-930-4985,,,,,,,,,,,,,,,,,,,,,,,,,,,"
"내항3통경로당,36.3455257,126.5670522,041-930-4985,,,,,,,,,,,,,,,,,,,,,,,,,,,"
"내항1통(녹문) 경로당,36.3357406,126.5859998,041-930-4985,,,,,,,,,,,,,,,,,,,,,,,,,,,"
"신흑3통1반 경로당,36.3201395,126.5131349,041-930-4985,,,,,,,,,,,,,,,,,,,,,,,,,,,"
"선일경로당,35.7289323,126.7396111,063-580-4572,,,,,,,,,,,,,,,,,,,,,,,,,,,"
"동영경로당,35.7193073,126.7342495,063-580-4572,,,,,,,,,,,,,,,,,,,,,,,,,,,"
"쌍용예가아파트경로당,36.3236653,127.3964915,042-606-7455,,,,,,,,,,,,,,,,,,,,,,,,,,,"
"대양3리 경로당,37.0854284,126.9299906,031-5189-2346,,,,,,,,,,,,,,,,,,,,,,,,,,,"
"대양4리 경로당,37.0883507,126.9403313,031-5189-2346,,,,,,,,,,,,,,,,,,,,,,,,,,,"
"영수경로당,34.482718,126.684405,061-430-3934,,,,,,,,,,,,,,,,,,,,,,,,,,,"
"월산경로당,34.691402,126.691206,061-430-3934,,,,,,,,,,,,,,,,,,,,,,,,,,,"
"대월경로당,34.705483,126.698887,061-430-3934,,,,,,,,,,,,,,,,,,,,,,,,,,,"
"푸른뫼아파트경로당,36.3291853,127.3998813,042-606-7455,,,,,,,,,,,,,,,,,,,,,,,,,,,"
"근형심포니아파트 경로당(덕절5리),37.1343357,127.0278042,031-5189-2346,,,,,,,,,,,,,,,,,,,,,,,,,,,"
"덕절4리 경로당,37.1379113,127.0253948,031-5189-2346,,,,,,,,,,,,,,,,,,,,,,,,,,,"
"용운경로당,34.686893,126.722456,061-430-3934,,,,,,,,,,,,,,,,,,,,,,,,,,,"
"랑동경로당,34.683918,126.715572,061-430-3934,,,,,,,,,,,,,,,,,,,,,,,,,,,"
"시천경로당,34.690134,126.711798,061-430-3934,,,,,,,,,,,,,,,,,,,,,,,,,,,"
"신시경로당,34.687736,126.71177,061-430-3934,,,,,,,,,,,,,,,,,,,,,,,,,,,"
"원기경로당,34.69222,126.707859,061-430-3934,,,,,,,,,,,,,,,,,,,,,,,,,,,"
"정대3구 경로당,35.6874613,128.171902,055-930-3489,,,,,,,,,,,,,,,,,,,,,,,,,,,"
"석포6리 경로당,37.1366152,126.822111,031-5189-2346,,,,,,,,,,,,,,,,,,,,,,,,,,,"
"성전보건지소,34.692753,126.708887,061-430-3934,,,,,,,,,,,,,,,,,,,,,,,,,,,"
"수암경로당,34.694953,126.734675,061-430-3934,,,,,,,,,,,,,,,,,,,,,,,,,,,"
"신기경로당,34.688878,126.734724,061-430-3934,,,,,,,,,,,,,,,,,,,,,,,,,,,"
"명동경로당,34.68428,126.753913,061-430-3934,,,,,,,,,,,,,,,,,,,,,,,,,,,"
"당산경로당,34.683057,126.750723,061-430-3934,,,,,,,,,,,,,,,,,,,,,,,,,,,"
"송학경로당,34.674097,126.740252,061-430-3934,,,,,,,,,,,,,,,,,,,,,,,,,,,"
"수촌1리 경로당,37.1028773,126.8541898,031-5189-2346,,,,,,,,,,,,,,,,,,,,,,,,,,,"
"수촌2리 경로당,37.0930699,126.8622453,031-5189-2346,,,,,,,,,,,,,,,,,,,,,,,,,,,"
"안운경로당,34.739924,126.696065,061-430-3934,,,,,,,,,,,,,,,,,,,,,,,,,,,"
"하빈2구경로당,35.7269155,128.187401,055-930-3489,,,,,,,,,,,,,,,,,,,,,,,,,,,"
"백1리 마을회관,37.1652508,126.955596,031-5189-2346,,,,,,,,,,,,,,,,,,,,,,,,,,,"
"백2리 마을회관,37.1684313,126.9555522,031-5189-2346,,,,,,,,,,,,,,,,,,,,,,,,,,,"
"보통1리 마을회관,37.1965547,126.967927,031-5189-2346,,,,,,,,,,,,,,,,,,,,,,,,,,,"
"신흥경로당,34.477751,126.692865,061-430-3934,,,,,,,,,,,,,,,,,,,,,,,,,,,"
"어관경로당,34.488938,126.687813,061-430-3934,,,,,,,,,,,,,,,,,,,,,,,,,,,"
"일신경로당,35.8477732,128.5713071,053-664-2924,,,,,,,,,,,,,,,,,,,,,,,,,,,"
"동령경로당,34.690379,126.738641,061-430-3934,,,,,,,,,,,,,,,,,,,,,,,,,,,"
"죽전경로당,34.7350344,126.68746,061-430-3934,,,,,,,,,,,,,,,,,,,,,,,,,,,"
"제전경로당,34.695708,126.683444,061-430-3934,,,,,,,,,,,,,,,,,,,,,,,,,,,"
"대복경로당,35.8379246,128.5678555,053-664-2924,,,,,,,,,,,,,,,,,,,,,,,,,,,"
"골안경로당,35.8371318,128.5618521,053-664-2924,,,,,,,,,,,,,,,,,,,,,,,,,,,"
"대명6동행정복지센터,35.8351208,128.5660949,053-664-2924,,,,,,,,,,,,,,,,,,,,,,,,,,,"
"청록타운경로당,35.8343238,128.5857758,053-664-2924,,,,,,,,,,,,,,,,,,,,,,,,,,,"
"대명9동 경로당,35.8372967,128.5793218,053-664-2924,,,,,,,,,,,,,,,,,,,,,,,,,,,"
"가야경로당,35.6614544,128.0931818,055-930-3489,,,,,,,,,,,,,,,,,,,,,,,,,,,"
"독정3리 경로당,37.0794884,126.8601652,031-5189-2346,,,,,,,,,,,,,,,,,,,,,,,,,,,"
"독정4리 경로당,37.0791857,126.8671313,031-5189-2346,,,,,,,,,,,,,,,,,,,,,,,,,,,"
"독정5리 경로당,37.0636628,126.8702857,031-5189-2346,,,,,,,,,,,,,,,,,,,,,,,,,,,"
"사곡1리경로당,37.0672294,126.8084093,031-5189-2346,,,,,,,,,,,,,,,,,,,,,,,,,,,"
"사곡2리 경로당,37.0644267,126.8146825,031-5189-2346,,,,,,,,,,,,,,,,,,,,,,,,,,,"
"반포경로당,35.6510818,128.0903352,055-930-3489,,,,,,,,,,,,,,,,,,,,,,,,,,,"
"계동경로당,35.6804841,128.150024,055-930-3489,,,,,,,,,,,,,,,,,,,,,,,,,,,"
"화양경로당,35.6806379,128.1327775,055-930-3489,,,,,,,,,,,,,,,,,,,,,,,,,,,"
"안성경로당,35.6725542,128.126967,055-930-3488,,,,,,,,,,,,,,,,,,,,,,,,,,,"
"평촌경로당,35.6743108,128.135472,055-930-3488,,,,,,,,,,,,,,,,,,,,,,,,,,,"
"도옥경로당,35.6704805,128.1195746,055-930-3489,,,,,,,,,,,,,,,,,,,,,,,,,,,"
"창촌경로당,35.6624099,128.1197873,055-930-3489,,,,,,,,,,,,,,,,,,,,,,,,,,,"
"산제경로당,35.661425,128.1065134,055-930-3489,,,,,,,,,,,,,,,,,,,,,,,,,,,"
"교동경로당,35.6580099,128.1126326,055-930-3489,,,,,,,,,,,,,,,,,,,,,,,,,,,"
"묘산면분회경로당,35.658248,128.1128772,055-930-3489,,,,,,,,,,,,,,,,,,,,,,,,,,,"
"신풍경로당,34.720105,126.710001,061-430-3934,,,,,,,,,,,,,,,,,,,,,,,,,,,"
"봉화군 노인복지관,36.911913,128.774731,054-679-6503,,,,,,,,,,,,,,,,,,,,,,,,,,,"
"거목경로당,34.662802,126.716901,061-430-3934,,,,,,,,,,,,,,,,,,,,,,,,,,,"
"신예경로당,34.673609,126.721012,061-430-3934,,,,,,,,,,,,,,,,,,,,,,,,,,,"
"도림경로당,34.676129,126.712975,061-430-3934,,,,,,,,,,,,,,,,,,,,,,,,,,,"
"내성2리 경로당,36.89073,128.76819,054-679-6503,,,,,,,,,,,,,,,,,,,,,,,,,,,"
"봉화 할머니집,36.909041,128.75762,054-679-6503,,,,,,,,,,,,,,,,,,,,,,,,,,,"
"문학2리 마을회관,37.1536542,126.9679926,031-5189-2346,,,,,,,,,,,,,,,,,,,,,,,,,,,"
"문학3리 마을회관,37.1480934,126.9689124,031-5189-2346,,,,,,,,,,,,,,,,,,,,,,,,,,,"
"성명119안전센터,35.8334461,128.560156,053-664-2924,,,,,,,,,,,,,,,,,,,,,,,,,,,"
"사초경로당,34.47435,126.731125,061-430-3934,,,,,,,,,,,,,,,,,,,,,,,,,,,"
"사초마을회관,34.471532,126.735815,061-430-3934,,,,,,,,,,,,,,,,,,,,,,,,,,,"
"백화경로당,34.483996,126.708727,061-430-3934,,,,,,,,,,,,,,,,,,,,,,,,,,,"
"신정경로당,34.479004,126.716685,061-430-3934,,,,,,,,,,,,,,,,,,,,,,,,,,,"
"용정경로당,34.478172,126.699335,061-430-3934,,,,,,,,,,,,,,,,,,,,,,,,,,,"
"함박경로당,35.233934,128.8567865,null,,,,,,,,,,,,,,,,,,,,,,,,,,,"
"금정경로당,35.7072864,126.7663126,063-580-4572,,,,,,,,,,,,,,,,,,,,,,,,,,,"
"김해센텀큐시티아파트경로당,35.2298984,128.8474953,null,,,,,,,,,,,,,,,,,,,,,,,,,,,"
"석포면사무소,37.048639,129.065174,054-679-6503,,,,,,,,,,,,,,,,,,,,,,,,,,,"
"곤평 경로당,36.955138,127.897253,043-850-6534,,,,,,,,,,,,,,,,,,,,,,,,,,,"
"송림 경로당,36.953241,127.892079,043-850-6534,,,,,,,,,,,,,,,,,,,,,,,,,,,"
"DGB대구은행 대명동지점,35.8465249,128.5901967,053-664-2924,,,,,,,,,,,,,,,,,,,,,,,,,,,"
"달신 경로당,36.964353,127.90362,043-850-6534,,,,,,,,,,,,,,,,,,,,,,,,,,,"
"원달천 경로당,36.961311,127.897323,043-850-6534,,,,,,,,,,,,,,,,,,,,,,,,,,,"
"방축12통 방축파라뷰 경로당,36.784538,126.993758,null,,,,,,,,,,,,,,,,,,,,,,,,,,,"
"방출13통 방축KD아람채아파트 경로당,36.787082,126.986136,null,,,,,,,,,,,,,,,,,,,,,,,,,,,"
"고령마을 경로당,35.2680601,128.7961793,null,,,,,,,,,,,,,,,,,,,,,,,,,,,"
"진안2통 경로당,37.2110943,127.0314732,031-5189-2346,,,,,,,,,,,,,,,,,,,,,,,,,,,"
"진안1통 경로당,37.2159023,127.0343186,031-5189-2346,,,,,,,,,,,,,,,,,,,,,,,,,,,"
"진안5통 경로당,37.2099889,127.0307325,031-5189-2346,,,,,,,,,,,,,,,,,,,,,,,,,,,"
"진안3,13통 경로당,37.2174971,127.0376221,031-5189-2346,,,,,,,,,,,,,,,,,,,,,,,,,,,"
"대천4통경로당,36.3519823,126.6055557,041-930-4867,,,,,,,,,,,,,,,,,,,,,,,,,,,"
"신성경로당,35.7169333,126.7767337,063-580-4572,,,,,,,,,,,,,,,,,,,,,,,,,,,"
"동양촌 경로당,36.9494,127.2741,031-678-2992,,,,,,,,,,,,,,,,,,,,,,,,,,,"
"신복경로당,35.7236708,126.755963,063-580-4572,,,,,,,,,,,,,,,,,,,,,,,,,,,"
"관현1리경로당,36.7200187,128.4944143,054-650-6332,,,,,,,,,,,,,,,,,,,,,,,,,,,"
"천향1리경로당,36.726782,128.491132,054-650-6332,,,,,,,,,,,,,,,,,,,,,,,,,,,"
"천향2리(오향)경로당,36.7597378,128.4868128,054-650-6332,,,,,,,,,,,,,,,,,,,,,,,,,,,"
"오량마을마루미아파트경로당,36.3067146,127.3760749,042-288-2119,,,,,,,,,,,,,,,,,,,,,,,,,,,"
"초록마을5단지경로당,36.29851,127.3735531,042-288-2119,,,,,,,,,,,,,,,,,,,,,,,,,,,"
"신영통현대4단지경로당,37.2333507,127.0616277,031-5189-2346,,,,,,,,,,,,,,,,,,,,,,,,,,,"
"행림래미안2차 경로당,37.2232634,127.0509353,031-5189-2346,,,,,,,,,,,,,,,,,,,,,,,,,,,"
"두산위브 1단지 경로당,37.2367972,127.0667354,031-5189-2346,,,,,,,,,,,,,,,,,,,,,,,,,,,"
"두산위브 2단지 경로당,37.2348342,127.0646296,031-5189-2346,,,,,,,,,,,,,,,,,,,,,,,,,,,"
"반달마을푸르지오경로당,37.2329014,127.0674934,031-5189-2346,,,,,,,,,,,,,,,,,,,,,,,,,,,"
"반월1통경로당,37.2311793,127.0685063,031-5189-2346,,,,,,,,,,,,,,,,,,,,,,,,,,,"
"성현중마경로당,36.6869505,128.42083,054-650-6332,,,,,,,,,,,,,,,,,,,,,,,,,,,"
"덕신리경로당,36.674288,128.3962251,054-650-6332,,,,,,,,,,,,,,,,,,,,,,,,,,,"
"운기경로당,35.7322577,126.7591369,063-580-4572,,,,,,,,,,,,,,,,,,,,,,,,,,,"
"선용경로당,35.7293717,126.742258,063-580-4572,,,,,,,,,,,,,,,,,,,,,,,,,,,"
"봉화읍 경로당,36.8764527,128.7437153,054-679-6503,,,,,,,,,,,,,,,,,,,,,,,,,,,"
"DGB대구은행 성당시장지점,35.8499094,128.5724314,053-664-2924,,,,,,,,,,,,,,,,,,,,,,,,,,,"
"살림커뮤니티,35.8464015,128.5671672,053-664-2924,,,,,,,,,,,,,,,,,,,,,,,,,,,"
"명오당경로당,35.8431933,128.5880704,053-664-2924,,,,,,,,,,,,,,,,,,,,,,,,,,,"
"대명5동주민센터,35.8432478,128.5878635,053-664-2924,,,,,,,,,,,,,,,,,,,,,,,,,,,"
"금복릭 경로당,37.1545915,127.0102642,031-5189-2346,,,,,,,,,,,,,,,,,,,,,,,,,,,"
"덕절1리 마을회관,37.133307,127.0254426,031-5189-2346,,,,,,,,,,,,,,,,,,,,,,,,,,,"
"대벌경로당,34.492492,126.736751,061-430-3934,,,,,,,,,,,,,,,,,,,,,,,,,,,"
"우암경로당,35.2429444,128.864978,null,,,,,,,,,,,,,,,,,,,,,,,,,,,"
"우남2차경로당,37.3742399,126.8136068,031-310-2455,,,,,,,,,,,,,,,,,,,,,,,,,,,"
"우남1차경로당,37.3639387,126.8150006,031-310-2455,,,,,,,,,,,,,,,,,,,,,,,,,,,"
"저전새마을남자경로당,34.9480815,127.4840763,061-749-5659,,,,,,,,,,,,,,,,,,,,,,,,,,,"
"장등경로당,34.670874,126.714704,061-430-3934,,,,,,,,,,,,,,,,,,,,,,,,,,,"
"서외4경로당,35.7278067,126.7294483,063-580-4572,,,,,,,,,,,,,,,,,,,,,,,,,,,"
"서외6경로당,35.7278503,126.7263465,063-580-4572,,,,,,,,,,,,,,,,,,,,,,,,,,,"
"신영통현대1단지경로당,37.2342005,127.0597013,031-5189-2346,,,,,,,,,,,,,,,,,,,,,,,,,,,"
"신동탄롯데캐슬아파트 경로당(반월22,23통),37.2274129,127.0685301,031-5189-2346,,,,,,,,,,,,,,,,,,,,,,,,,,,"
"기배동 행정복지센터,37.2242728,126.984677,031-5189-2346,,,,,,,,,,,,,,,,,,,,,,,,,,,"
"배양1통 경로당,37.2230624,126.9970204,031-5189-2346,,,,,,,,,,,,,,,,,,,,,,,,,,,"
"풍성신미주 경로당,37.2215101,126.9872042,031-5189-2346,,,,,,,,,,,,,,,,,,,,,,,,,,,"
"신일해피트리1차 경로당,37.2233266,126.9773429,031-5189-2346,,,,,,,,,,,,,,,,,,,,,,,,,,,"
"석신경로당,35.6857436,126.7402198,063-580-4572,,,,,,,,,,,,,,,,,,,,,,,,,,,"
"역귀경로당,35.694988,126.7436303,063-580-4572,,,,,,,,,,,,,,,,,,,,,,,,,,,"
"화성경로원,35.6932743,126.736794,063-580-4572,,,,,,,,,,,,,,,,,,,,,,,,,,,"
"부정경로당,35.6890281,126.7484862,063-580-4572,,,,,,,,,,,,,,,,,,,,,,,,,,,"
"외하경로당,35.6882294,126.7470865,063-580-4572,,,,,,,,,,,,,,,,,,,,,,,,,,,"
"구계리경로당,36.68712,128.385921,054-650-6332,,,,,,,,,,,,,,,,,,,,,,,,,,,"
"죽림리경로당,36.691604,128.4029694,054-650-6332,,,,,,,,,,,,,,,,,,,,,,,,,,,"
"직리경로당,36.694188,128.371039,054-650-6332,,,,,,,,,,,,,,,,,,,,,,,,,,,"
"두천리경로당,36.7048864,128.3481941,054-650-6332,,,,,,,,,,,,,,,,,,,,,,,,,,,"
"사부2경로당,36.728768,128.346776,054-650-6332,,,,,,,,,,,,,,,,,,,,,,,,,,,"
"사부1리경로당,36.713325,128.345677,054-650-6332,,,,,,,,,,,,,,,,,,,,,,,,,,,"
"내지1리신기경로당,36.704594,128.374872,054-650-6332,,,,,,,,,,,,,,,,,,,,,,,,,,,"
"내지2리경로당,36.72799,128.374448,054-650-6332,,,,,,,,,,,,,,,,,,,,,,,,,,,"
"모산경로당,35.7151978,126.7526445,063-580-4572,,,,,,,,,,,,,,,,,,,,,,,,,,,"
"수봉경로당,35.7218578,126.751791,063-580-4572,,,,,,,,,,,,,,,,,,,,,,,,,,,"
"신덕경로당,35.7130545,126.7719908,063-580-4572,,,,,,,,,,,,,,,,,,,,,,,,,,,"
"내성1리 경로당,36.874645,128.749242,054-679-6503,,,,,,,,,,,,,,,,,,,,,,,,,,,"
"율진1구경로당,35.6066846,128.189517,055-930-3489,,,,,,,,,,,,,,,,,,,,,,,,,,,"
"율진2구경로당,35.6030554,128.1803456,055-930-3489,,,,,,,,,,,,,,,,,,,,,,,,,,,"
"노양1구경로당,35.6384847,128.1861934,055-930-3489,,,,,,,,,,,,,,,,,,,,,,,,,,,"
"노양1구샛담경로당,35.632717,128.1957337,055-930-3489,,,,,,,,,,,,,,,,,,,,,,,,,,,"
"노양2구경로당,35.6231547,128.193317,055-930-3489,,,,,,,,,,,,,,,,,,,,,,,,,,,"
"내성4리 경로당,36.903214,128.746105,054-679-6503,,,,,,,,,,,,,,,,,,,,,,,,,,,"
"오록1리 경로당,36.985448,128.736751,054-679-6503,,,,,,,,,,,,,,,,,,,,,,,,,,,"
"오록3리 경로당,36.915593,128.73469,054-679-6503,,,,,,,,,,,,,,,,,,,,,,,,,,,"
"정림학구 노인회,37.1421903,127.0132623,031-5189-2346,,,,,,,,,,,,,,,,,,,,,,,,,,,"
"정문학구 노인회,37.1527381,126.9787447,031-5189-2346,,,,,,,,,,,,,,,,,,,,,,,,,,,"
"제기리 경로당,37.1348828,127.0122317,031-5189-2346,,,,,,,,,,,,,,,,,,,,,,,,,,,"
"덕림경로당,35.6666839,126.736903,063-580-4572,,,,,,,,,,,,,,,,,,,,,,,,,,,"
"신공경로당,35.6710468,126.7411157,063-580-4572,,,,,,,,,,,,,,,,,,,,,,,,,,,"
"인천여성경로당,35.6658537,126.7397294,063-580-4572,,,,,,,,,,,,,,,,,,,,,,,,,,,"
"소주경로당,35.6603576,126.7184664,063-580-4572,,,,,,,,,,,,,,,,,,,,,,,,,,,"
"지내리경로당,36.642462,128.421652,054-650-6332,,,,,,,,,,,,,,,,,,,,,,,,,,,"
"석정 신리경로당,36.647814,128.406348,054-650-6332,,,,,,,,,,,,,,,,,,,,,,,,,,,"
"왕신1리경로당,36.634667,128.446243,054-650-6332,,,,,,,,,,,,,,,,,,,,,,,,,,,"
"왕신2리경로당,36.633973,128.45107,054-650-6332,,,,,,,,,,,,,,,,,,,,,,,,,,,"
"청복1리경로당,36.643999,128.461551,054-650-6332,,,,,,,,,,,,,,,,,,,,,,,,,,,"
"청복2리경로당,36.631212,128.470432,054-650-6332,,,,,,,,,,,,,,,,,,,,,,,,,,,"
"세아아파트경로당,36.648743,128.467496,054-650-6332,,,,,,,,,,,,,,,,,,,,,,,,,,,"
"통명리경로당,36.655212,128.481572,054-650-6332,,,,,,,,,,,,,,,,,,,,,,,,,,,"
"송학당경로당,35.7219523,126.7380373,063-580-4572,,,,,,,,,,,,,,,,,,,,,,,,,,,"
"현대아파트여성경로당,35.7200901,126.7328994,063-580-4572,,,,,,,,,,,,,,,,,,,,,,,,,,,"
"명당취락경로당,35.7299219,126.7534212,063-580-4572,,,,,,,,,,,,,,,,,,,,,,,,,,,"
"미소가애경로당,35.722223,126.7363098,063-580-4572,,,,,,,,,,,,,,,,,,,,,,,,,,,"
"기안1통 경로당,37.2272166,126.9854038,031-5189-2346,,,,,,,,,,,,,,,,,,,,,,,,,,,"
"광도와이드빌 경로당,37.2268542,126.9747148,031-5189-2346,,,,,,,,,,,,,,,,,,,,,,,,,,,"
"우림그린빌리지 경로당,37.2255873,126.9740897,031-5189-2346,,,,,,,,,,,,,,,,,,,,,,,,,,,"
"기안2통 경로당,37.221595,126.9782114,031-5189-2346,,,,,,,,,,,,,,,,,,,,,,,,,,,"
"원류리경로당,36.702834,128.381276,054-650-6332,,,,,,,,,,,,,,,,,,,,,,,,,,,"
"신흥경로당,35.7050071,126.7284994,063-580-4572,,,,,,,,,,,,,,,,,,,,,,,,,,,"
"예동경로당,35.6910696,126.7149586,063-580-4572,,,,,,,,,,,,,,,,,,,,,,,,,,,"
"삼거경로당,35.6841715,126.7231942,063-580-4572,,,,,,,,,,,,,,,,,,,,,,,,,,,"
"수반경로당,35.7163603,126.755806,063-580-4572,,,,,,,,,,,,,,,,,,,,,,,,,,,"
"동중1경로당,35.7324165,126.7351523,063-580-4572,,,,,,,,,,,,,,,,,,,,,,,,,,,"
"성황산노인회,35.7327776,126.732029,063-580-4572,,,,,,,,,,,,,,,,,,,,,,,,,,,"
"열성경로당(분회),36.4115069,126.947735,940-2924,,,,,,,,,,,,,,,,,,,,,,,,,,,"
"대현산배수지공원 입구 샘물창고,37.55473,127.02113,02-2286-5580,,,,,,,,,,,,,,,,,,,,,,,,,,,"
"지곡1리 경로당,36.4043811,126.9771588,940-2924,,,,,,,,,,,,,,,,,,,,,,,,,,,"
"금호어울림1차아파트 경로당,35.0141564,127.5013148,061-749-5659,,,,,,,,,,,,,,,,,,,,,,,,,,,"
"마산마을회관,34.9779247,127.571679,061-797-2268,,,,,,,,,,,,,,,,,,,,,,,,,,,"
"부안경로당,35.7267758,126.7357745,063-580-4572,,,,,,,,,,,,,,,,,,,,,,,,,,,"
"고지리 경로당,37.1642827,127.0075594,031-5189-2346,,,,,,,,,,,,,,,,,,,,,,,,,,,"
"관항1리 마을회관,37.1804337,126.9627183,031-5189-2346,,,,,,,,,,,,,,,,,,,,,,,,,,,"
"관항2리 마을회관,37.1779345,126.9747682,031-5189-2346,,,,,,,,,,,,,,,,,,,,,,,,,,,"
"괘랑1리 마을회관,37.1840682,126.9965565,031-5189-2346,,,,,,,,,,,,,,,,,,,,,,,,,,,"
"괘랑2리 마을회관,37.1865135,126.9895301,031-5189-2346,,,,,,,,,,,,,,,,,,,,,,,,,,,"
"귀래리 경로당,37.1383465,126.9901936,031-5189-2346,,,,,,,,,,,,,,,,,,,,,,,,,,,"
"도촌2리 경로당,36.88287,128.714939,054-679-6503,,,,,,,,,,,,,,,,,,,,,,,,,,,"
"문단2리 경로당,36.874647,128.749242,054-679-6503,,,,,,,,,,,,,,,,,,,,,,,,,,,"
"부동경로당,35.6439303,126.7232512,063-580-4572,,,,,,,,,,,,,,,,,,,,,,,,,,,"
"부서여성경로당,35.6445179,126.7211037,063-580-4572,,,,,,,,,,,,,,,,,,,,,,,,,,,"
"현대경로당,35.7200606,126.733169,063-580-4572,,,,,,,,,,,,,,,,,,,,,,,,,,,"
"동중3경로당,35.7313362,126.7377191,063-580-4572,,,,,,,,,,,,,,,,,,,,,,,,,,,"
"석동경로당,35.7077004,126.7408642,063-580-4572,,,,,,,,,,,,,,,,,,,,,,,,,,,"
"부안농협주산지점,35.672068,126.710266,063-580-4572,,,,,,,,,,,,,,,,,,,,,,,,,,,"
"구담경로당,35.6652339,126.7257065,063-580-4572,,,,,,,,,,,,,,,,,,,,,,,,,,,"
"대양1리 경로당,37.0967285,126.93603,031-5189-2346,,,,,,,,,,,,,,,,,,,,,,,,,,,"
"대양2리 경로당,37.0881321,126.9481629,031-5189-2346,,,,,,,,,,,,,,,,,,,,,,,,,,,"
"하학리경로당,36.69915,128.450533,054-650-6332,,,,,,,,,,,,,,,,,,,,,,,,,,,"
"초록마을리슈빌아파트경로당,36.2999792,127.3812404,042-288-2119,,,,,,,,,,,,,,,,,,,,,,,,,,,"
"소산경로당,35.6511906,126.7012864,063-580-4572,,,,,,,,,,,,,,,,,,,,,,,,,,,"
"제내경로당,35.6507968,126.6992269,063-580-4572,,,,,,,,,,,,,,,,,,,,,,,,,,,"
"갈촌경로당,35.6612169,126.7084037,063-580-4572,,,,,,,,,,,,,,,,,,,,,,,,,,,"
"오량경로당,36.3091943,127.3772851,042-288-2119,,,,,,,,,,,,,,,,,,,,,,,,,,,"
"삼익목화아파트1단지경로당,36.30915,127.375715,042-288-2119,,,,,,,,,,,,,,,,,,,,,,,,,,,"
"선1리경로당,36.716476,128.40644,054-650-6332,,,,,,,,,,,,,,,,,,,,,,,,,,,"
"능천리경로당,36.697628,128.423307,054-650-6332,,,,,,,,,,,,,,,,,,,,,,,,,,,"
"제곡경로당,36.70454,128.438096,054-650-6332,,,,,,,,,,,,,,,,,,,,,,,,,,,"
"맛질경로당,36.704622,128.445137,054-650-6332,,,,,,,,,,,,,,,,,,,,,,,,,,,"
"와하경로당,35.6613009,126.7249233,063-580-4572,,,,,,,,,,,,,,,,,,,,,,,,,,,"
"덕학경로당,35.6646969,126.7341947,063-580-4572,,,,,,,,,,,,,,,,,,,,,,,,,,,"
"신천경로당,35.6751591,126.7235801,063-580-4572,,,,,,,,,,,,,,,,,,,,,,,,,,,"
"중공경로당,35.6739626,126.7398137,063-580-4572,,,,,,,,,,,,,,,,,,,,,,,,,,,"
"용문면종합복지회관,36.688953,128.412025,054-650-6332,,,,,,,,,,,,,,,,,,,,,,,,,,,"
"용문경로당,36.6904,128.407903,054-650-6332,,,,,,,,,,,,,,,,,,,,,,,,,,,"
"상금1리경로당,36.690937,128.4098039,054-650-6332,,,,,,,,,,,,,,,,,,,,,,,,,,,"
"상금2리경로당,36.690315,128.406336,054-650-6332,,,,,,,,,,,,,,,,,,,,,,,,,,,"
"동정노우제,35.6452723,126.7221607,063-580-4572,,,,,,,,,,,,,,,,,,,,,,,,,,,"
"본의1리할아버지경로당,36.4727959,126.9972191,null,,,,,,,,,,,,,,,,,,,,,,,,,,,"
"안녕우방아이유쉘아파트 경로당(안녕12통),37.2031482,127.006634,031-5189-2346,,,,,,,,,,,,,,,,,,,,,,,,,,,"
"화성시근로자종합복지관,37.2063524,127.0148271,031-5189-2346,,,,,,,,,,,,,,,,,,,,,,,,,,,"
"송산3통(작현)경로당,37.2084647,127.0185286,031-5189-2346,,,,,,,,,,,,,,,,,,,,,,,,,,,"
"송산2통(서작현)경로당,37.2095134,127.0167688,031-5189-2346,,,,,,,,,,,,,,,,,,,,,,,,,,,"
"대제리여자경로당,36.706322,128.448403,054-650-6332,,,,,,,,,,,,,,,,,,,,,,,,,,,"
"재달경로당,36.690402,128.454622,054-650-6332,,,,,,,,,,,,,,,,,,,,,,,,,,,"
"야로1구경로당,35.7082053,128.1713024,055-930-3489,,,,,,,,,,,,,,,,,,,,,,,,,,,"
"항곡2구경로당,35.6090874,128.2113761,055-930-3489,,,,,,,,,,,,,,,,,,,,,,,,,,,"
"오산경로당,34.691401,126.742522,061-430-3934,,,,,,,,,,,,,,,,,,,,,,,,,,,"
"성전면복지회관,34.692473,126.707942,061-430-3934,,,,,,,,,,,,,,,,,,,,,,,,,,,"
"월남경로당,34.740652,126.712816,061-430-3934,,,,,,,,,,,,,,,,,,,,,,,,,,,"
"삼익목화아파트2단지경로당,36.3070863,127.3740262,042-288-2119,,,,,,,,,,,,,,,,,,,,,,,,,,,"
"복수동계룡아파트경로당,36.3061276,127.3740218,042-288-2119,,,,,,,,,,,,,,,,,,,,,,,,,,,"
"복수동 행정복지센터,36.299757,127.378892,042-288-2119,,,,,,,,,,,,,,,,,,,,,,,,,,,"
"초록마을1단지경로당,36.3035938,127.3795394,042-288-2119,,,,,,,,,,,,,,,,,,,,,,,,,,,"
"태안도서관,37.2059839,127.0138517,031-5189-2346,,,,,,,,,,,,,,,,,,,,,,,,,,,"
"신영통현대3단지경로당,37.231621,127.0605447,031-5189-2346,,,,,,,,,,,,,,,,,,,,,,,,,,,"
"하이안아파트경로당,35.7220243,126.7416734,063-580-4572,,,,,,,,,,,,,,,,,,,,,,,,,,,"
"온직2리 경로당,36.3768173,126.7975071,940-2924,,,,,,,,,,,,,,,,,,,,,,,,,,,"
"용두1리 경로당,36.3963954,126.7903858,940-2924,,,,,,,,,,,,,,,,,,,,,,,,,,,"
"월파마을회관,34.9908803,127.5992679,061-797-2268,,,,,,,,,,,,,,,,,,,,,,,,,,,"
"발산1리 마을회관,37.1548432,126.985685,031-5189-2346,,,,,,,,,,,,,,,,,,,,,,,,,,,"
"발산2리 마을회관,37.1686012,126.9844314,031-5189-2346,,,,,,,,,,,,,,,,,,,,,,,,,,,"
"복용경로당,35.3947372,126.6909161,063-560-2668,,,,,,,,,,,,,,,,,,,,,,,,,,,"
"주공10단지아파트 경로당(진안8통),37.2161021,127.0422819,031-5189-2346,,,,,,,,,,,,,,,,,,,,,,,,,,,"
"SK뷰파크2차 경로당(기산9통,10통),37.2169372,127.0531215,031-5189-2346,,,,,,,,,,,,,,,,,,,,,,,,,,,"
"거촌3리 경로당(마을회관),36.889812,128.769309,054-679-6503,,,,,,,,,,,,,,,,,,,,,,,,,,,"
"봉성면사무소,36.889803,128.769288,054-679-6503,,,,,,,,,,,,,,,,,,,,,,,,,,,"
"계림동행정복지센터,36.4220857,128.16431,054-537-6103,,,,,,,,,,,,,,,,,,,,,,,,,,,"
"중덕 경로당,36.4519,128.1867,054-537-6103,,,,,,,,,,,,,,,,,,,,,,,,,,,"
"어덕경로당,36.4560526,128.186792,054-537-6103,,,,,,,,,,,,,,,,,,,,,,,,,,,"
"춘양농협 봉성지점,36.885301,128.816728,054-679-6503,,,,,,,,,,,,,,,,,,,,,,,,,,,"
"봉성면 보건지소,36.884651,128.815971,054-679-6503,,,,,,,,,,,,,,,,,,,,,,,,,,,"
"대구은행 구암동지점,35.9313199,128.555987,665-4355,,,,,,,,,,,,,,,,,,,,,,,,,,,"
"대구은행 학정로지점,35.9432414,128.5640742,665-4355,,,,,,,,,,,,,,,,,,,,,,,,,,,"
"한림1구경로당,35.3190165,128.8028285,null,,,,,,,,,,,,,,,,,,,,,,,,,,,"
"읍내119안전센터,35.9467665,128.5516648,320-4453,,,,,,,,,,,,,,,,,,,,,,,,,,,"
"동천동 행정복지센터,35.9319192,128.557806,665-4355,,,,,,,,,,,,,,,,,,,,,,,,,,,"
"하저2리 경로당,37.1873904,126.8720267,031-5189-2346,,,,,,,,,,,,,,,,,,,,,,,,,,,"
"수동경로당,35.057828,127.960242,055-831-5179,,,,,,,,,,,,,,,,,,,,,,,,,,,"
"가재4리 경로당,37.143001,126.9172375,031-5189-2346,,,,,,,,,,,,,,,,,,,,,,,,,,,"
"해창2리 경로당,37.1056869,126.8718557,031-5189-2346,,,,,,,,,,,,,,,,,,,,,,,,,,,"
"사강2리 경로당,37.2143363,126.7291159,031-5189-2346,,,,,,,,,,,,,,,,,,,,,,,,,,,"
"사강1리 경로당,37.2158,126.7355,031-5189-2346,,,,,,,,,,,,,,,,,,,,,,,,,,,"
"봉가1리 경로당,37.2146229,126.7424618,031-5189-2346,,,,,,,,,,,,,,,,,,,,,,,,,,,"
"봉가2리 경로당,37.207982,126.7365337,031-5189-2346,,,,,,,,,,,,,,,,,,,,,,,,,,,"
"정대1구경로당,35.6964818,128.1678431,055-930-3489,,,,,,,,,,,,,,,,,,,,,,,,,,,"
"무궁화경로당,35.8427232,128.5783147,053-664-2924,,,,,,,,,,,,,,,,,,,,,,,,,,,"
"명덕경로당,35.8543922,128.5890322,053-664-2924,,,,,,,,,,,,,,,,,,,,,,,,,,,"
"광명2동 경로당,37.4823273,126.8552039,02-2680-6394,,,,,,,,,,,,,,,,,,,,,,,,,,,"
"덕암경로당,35.6786747,128.1617972,055-930-3489,,,,,,,,,,,,,,,,,,,,,,,,,,,"
"석사경로당,35.6758189,128.1797724,055-930-3489,,,,,,,,,,,,,,,,,,,,,,,,,,,"
"의총2리 경로당,36.1342138,127.4941063,041-750-2875,,,,,,,,,,,,,,,,,,,,,,,,,,,"
"하신1리 경로당,36.1574543,127.4846166,041-750-2875,,,,,,,,,,,,,,,,,,,,,,,,,,,"
"둑실 경로당,36.1388105,127.4459445,041-750-2875,,,,,,,,,,,,,,,,,,,,,,,,,,,"
"김해주촌두산위브더제니스경로당,35.2361862,128.8449365,null,,,,,,,,,,,,,,,,,,,,,,,,,,,"
"휴먼시아4단지 경로당,37.4505718,126.8844216,null,,,,,,,,,,,,,,,,,,,,,,,,,,,"
"광명역세권휴머니아2단지경로당,37.4285191,126.883317,null,,,,,,,,,,,,,,,,,,,,,,,,,,,"
"광명역세권휴머니아3단지경로당,37.4326589,126.882398,null,,,,,,,,,,,,,,,,,,,,,,,,,,,"
"광명역세권휴머니아5단지경로당,37.4305942,126.8846994,null,,,,,,,,,,,,,,,,,,,,,,,,,,,"
"설월경로당,37.4403884,126.876772,null,,,,,,,,,,,,,,,,,,,,,,,,,,,"
"이흑암 경로당,35.0640368,126.0980487,061-240-8903,,,,,,,,,,,,,,,,,,,,,,,,,,,"
"매안2구 교동회관,35.7826351,128.1191426,055-930-3489,,,,,,,,,,,,,,,,,,,,,,,,,,,"
"구원2구경로당,35.7738186,128.1290938,055-930-3489,,,,,,,,,,,,,,,,,,,,,,,,,,,"
"황산3구경로당,35.7828,128.1191,055-930-3489,,,,,,,,,,,,,,,,,,,,,,,,,,,"
"황산2구경로당,35.7737,128.1291,055-930-3489,,,,,,,,,,,,,,,,,,,,,,,,,,,"
"부평마을회관,35.1494499,128.4814146,055-220-4654,,,,,,,,,,,,,,,,,,,,,,,,,,,"
"내추마을회관,35.1679575,128.4899951,055-220-4654,,,,,,,,,,,,,,,,,,,,,,,,,,,"
"귀정마을회관,35.163203,128.4743372,055-220-4654,,,,,,,,,,,,,,,,,,,,,,,,,,,"
"중촌마을회관,35.1712247,128.470737,055-220-4654,,,,,,,,,,,,,,,,,,,,,,,,,,,"
"정삼마을회관,35.1720878,128.4622746,055-220-4654,,,,,,,,,,,,,,,,,,,,,,,,,,,"
"우림아파트 경로당,37.4535036,126.8890402,null,,,,,,,,,,,,,,,,,,,,,,,,,,,"
"휴먼시아7단지 경로당,37.4438754,126.8926429,null,,,,,,,,,,,,,,,,,,,,,,,,,,,"
"휴먼시아1단지 경로당,37.4542136,126.885775,null,,,,,,,,,,,,,,,,,,,,,,,,,,,"
"휴먼시아3단지 경로당,37.4499844,126.882563,null,,,,,,,,,,,,,,,,,,,,,,,,,,,"
"신촌마을회관,35.1345289,128.4766725,055-220-4654,,,,,,,,,,,,,,,,,,,,,,,,,,,"
"연동마을회관,35.1376784,128.4868012,055-220-4654,,,,,,,,,,,,,,,,,,,,,,,,,,,"
"수인경로당,35.244112,128.8618934,null,,,,,,,,,,,,,,,,,,,,,,,,,,,"
"중무동경로당,35.754425,128.1338,055-930-3489,,,,,,,,,,,,,,,,,,,,,,,,,,,"
"덕기마을회관,35.1241067,128.4831626,055-220-4654,,,,,,,,,,,,,,,,,,,,,,,,,,,"
"태원 경로당,36.1278058,127.4949217,041-750-2875,,,,,,,,,,,,,,,,,,,,,,,,,,,"
"오학 주민자치센터 내 야외쉼터,37.3096092,127.6445185,031-887-2553,,,,,,,,,,,,,,,,,,,,,,,,,,,"
"중도1리 경로당,36.1009938,127.4920759,041-750-2875,,,,,,,,,,,,,,,,,,,,,,,,,,,"
"금홍회 경로당,36.1003111,127.4924085,041-750-2875,,,,,,,,,,,,,,,,,,,,,,,,,,,"
"신대2리 경로당,36.1039931,127.5056773,041-750-2875,,,,,,,,,,,,,,,,,,,,,,,,,,,"
"학현경로당,37.3870355,127.0177166,031-345-2917,,,,,,,,,,,,,,,,,,,,,,,,,,,"
"온동마을회관,34.7709807,127.3277825,061-830-5848,,,,,,,,,,,,,,,,,,,,,,,,,,,"
"두곡마을회관,34.63837,127.253492,061-830-5848,,,,,,,,,,,,,,,,,,,,,,,,,,,"
"관덕경로당,34.6627402,127.2528178,061-830-5848,,,,,,,,,,,,,,,,,,,,,,,,,,,"
"풍류마을회관,34.6623437,127.2346804,061-830-5848,,,,,,,,,,,,,,,,,,,,,,,,,,,"
"풍류여경로당,34.66202,127.234594,061-830-5848,,,,,,,,,,,,,,,,,,,,,,,,,,,"
"월하마을회관,34.674873,127.239628,061-830-5848,,,,,,,,,,,,,,,,,,,,,,,,,,,"
"대동마을회관,34.671922,127.253985,061-830-5848,,,,,,,,,,,,,,,,,,,,,,,,,,,"
"금산마을회관,34.680176,127.257446,061-830-5848,,,,,,,,,,,,,,,,,,,,,,,,,,,"
"신흥마을회관,34.689585,127.245656,061-830-5848,,,,,,,,,,,,,,,,,,,,,,,,,,,"
"예회경로당,34.696742,127.281194,061-830-5848,,,,,,,,,,,,,,,,,,,,,,,,,,,"
"상예경로당,34.697949,127.269501,061-830-5848,,,,,,,,,,,,,,,,,,,,,,,,,,,"
"송강마을회관,34.75991,127.310431,061-830-5848,,,,,,,,,,,,,,,,,,,,,,,,,,,"
"사포여경로당,34.602811,127.4538926,061-830-5848,,,,,,,,,,,,,,,,,,,,,,,,,,,"
"영남분회경로당,34.6027772,127.4542543,061-830-5848,,,,,,,,,,,,,,,,,,,,,,,,,,,"
"남열마을회관,34.5808578,127.4796111,061-830-5848,,,,,,,,,,,,,,,,,,,,,,,,,,,"
"간천마을회관,34.6106624,127.485283,061-830-5848,,,,,,,,,,,,,,,,,,,,,,,,,,,"
"용암마을회관,34.594915,127.504981,061-830-5848,,,,,,,,,,,,,,,,,,,,,,,,,,,"
"동편마을회관,34.769409,127.307825,061-830-5848,,,,,,,,,,,,,,,,,,,,,,,,,,,"
"화현할아버지경로당,35.1994126,129.1087655,051-550-6532,,,,,,,,,,,,,,,,,,,,,,,,,,,"
"화현할머니경로당,35.1994126,129.1087655,051-550-6532,,,,,,,,,,,,,,,,,,,,,,,,,,,"
"원리할아버지경로당,35.1927347,129.1136972,051-550-6532,,,,,,,,,,,,,,,,,,,,,,,,,,,"
"원리할머니경로당,35.1927347,129.1136972,051-550-6532,,,,,,,,,,,,,,,,,,,,,,,,,,,"
"지화1리 경로당,37.2194422,126.6891445,031-5189-2346,,,,,,,,,,,,,,,,,,,,,,,,,,,"
"천등1리 경로당,37.2327518,126.7064376,031-5189-2346,,,,,,,,,,,,,,,,,,,,,,,,,,,"
"천등2리 경로당,37.2430006,126.7125627,031-5189-2346,,,,,,,,,,,,,,,,,,,,,,,,,,,"
"천등3리 경로당,37.2410956,126.7014938,031-5189-2346,,,,,,,,,,,,,,,,,,,,,,,,,,,"
"칠곡리 경로당,37.2024729,126.7119335,031-5189-2346,,,,,,,,,,,,,,,,,,,,,,,,,,,"
"오수여경로당,34.669247,127.273686,061-830-5848,,,,,,,,,,,,,,,,,,,,,,,,,,,"
"서신마을회관,34.643261,127.282048,061-830-5848,,,,,,,,,,,,,,,,,,,,,,,,,,,"
"외신마을회관,34.646933,127.279765,061-830-5848,,,,,,,,,,,,,,,,,,,,,,,,,,,"
"능정마을회관,34.590279,127.4149763,061-830-5848,,,,,,,,,,,,,,,,,,,,,,,,,,,"
"능정여경로당,34.590279,127.4149763,061-830-5848,,,,,,,,,,,,,,,,,,,,,,,,,,,"
"만호마을회관,34.5968447,127.4193039,061-830-5848,,,,,,,,,,,,,,,,,,,,,,,,,,,"
"우두경로당,34.630346,127.489833,061-830-5848,,,,,,,,,,,,,,,,,,,,,,,,,,,"
"우두마을회관,34.630797,127.496954,061-830-5848,,,,,,,,,,,,,,,,,,,,,,,,,,,"
"성두여경로당,34.676013,127.264541,061-830-5848,,,,,,,,,,,,,,,,,,,,,,,,,,,"
"영동마을회관,34.668519,127.267477,061-830-5848,,,,,,,,,,,,,,,,,,,,,,,,,,,"
"우암마을회관,34.6094159,127.5023085,061-830-5848,,,,,,,,,,,,,,,,,,,,,,,,,,,"
"사도회관,34.5831836,127.419439,061-830-5848,,,,,,,,,,,,,,,,,,,,,,,,,,,"
"사도경로당(남),34.584197,127.41889,061-830-5848,,,,,,,,,,,,,,,,,,,,,,,,,,,"
"양화마을회관,34.5919588,127.4621505,061-830-5848,,,,,,,,,,,,,,,,,,,,,,,,,,,"
"남열경로당(남),34.580857,127.479514,061-830-5848,,,,,,,,,,,,,,,,,,,,,,,,,,,"
"봉남마을회관,34.492324,127.494589,061-830-5848,,,,,,,,,,,,,,,,,,,,,,,,,,,"
"덕흥부녀회관(경로당),34.523208,127.445453,061-830-5848,,,,,,,,,,,,,,,,,,,,,,,,,,,"
"금성2리 경로당,36.098469,127.5679877,041-750-2875,,,,,,,,,,,,,,,,,,,,,,,,,,,"
"천내3리 경로당,36.1119308,127.5748622,041-750-2875,,,,,,,,,,,,,,,,,,,,,,,,,,,"
"창평 경로당,36.0975653,127.5315875,041-750-2875,,,,,,,,,,,,,,,,,,,,,,,,,,,"
"제원2리(여자) 경로당,36.1119264,127.5480992,041-750-2875,,,,,,,,,,,,,,,,,,,,,,,,,,,"
"명암리(남자) 경로당,36.1100239,127.5372684,041-750-2875,,,,,,,,,,,,,,,,,,,,,,,,,,,"
"수당2리 경로당,36.1106285,127.520467,041-750-2875,,,,,,,,,,,,,,,,,,,,,,,,,,,"
"길곡1리 경로당,36.1617399,127.5590801,041-750-2875,,,,,,,,,,,,,,,,,,,,,,,,,,,"
"길곡1리 새터 경로당,36.1591435,127.5638008,041-750-2875,,,,,,,,,,,,,,,,,,,,,,,,,,,"
"대산2리 경로당,36.1245951,127.5544909,041-750-2875,,,,,,,,,,,,,,,,,,,,,,,,,,,"
"전촌마을경로당,35.361356,128.6530487,055-212-5100,,,,,,,,,,,,,,,,,,,,,,,,,,,"
"산마루 아파트 경로당,36.0980334,127.492682,041-750-2875,,,,,,,,,,,,,,,,,,,,,,,,,,,"
"9988 경로당,36.1020535,127.4896351,041-750-2875,,,,,,,,,,,,,,,,,,,,,,,,,,,"
"하옥4리 남산 경로당,36.0979142,127.4936208,041-750-2875,,,,,,,,,,,,,,,,,,,,,,,,,,,"
"수남 경로당,36.0974981,127.48945,041-750-2875,,,,,,,,,,,,,,,,,,,,,,,,,,,"
"농우회 경로당,36.1074799,127.4884737,041-750-2875,,,,,,,,,,,,,,,,,,,,,,,,,,,"
"중도9리 여성경로당,36.1061472,127.4970487,041-750-2875,,,,,,,,,,,,,,,,,,,,,,,,,,,"
"중도7리 여성경로당,36.1087714,127.4939641,041-750-2875,,,,,,,,,,,,,,,,,,,,,,,,,,,"
"중도3리 경로당,36.1011043,127.4949056,041-750-2875,,,,,,,,,,,,,,,,,,,,,,,,,,,"
"건국 여성 경로당,36.1021792,127.4919069,041-750-2875,,,,,,,,,,,,,,,,,,,,,,,,,,,"
"도동마을회관,35.7038313,128.1389719,055-930-3489,,,,,,,,,,,,,,,,,,,,,,,,,,,"
"청계1구경로당,35.6933159,128.2004627,055-930-3489,,,,,,,,,,,,,,,,,,,,,,,,,,,"
"경우 경로당,36.1028771,127.4887848,041-750-2875,,,,,,,,,,,,,,,,,,,,,,,,,,,"
"욱일5차경로당,37.4862856,126.7606297,625-2863,,,,,,,,,,,,,,,,,,,,,,,,,,,"
"구정5구경로당,35.7028304,128.1725323,055-930-3489,,,,,,,,,,,,,,,,,,,,,,,,,,,"
"묵촌1구마을회관,35.7048523,128.1539741,055-930-3489,,,,,,,,,,,,,,,,,,,,,,,,,,,"
"노진3리 경로당,37.0343625,126.8188479,031-5189-2346,,,,,,,,,,,,,,,,,,,,,,,,,,,"
"구정송계마을회관,35.7079056,128.1571395,055-930-3489,,,,,,,,,,,,,,,,,,,,,,,,,,,"
"금의3리 경로당,37.1156431,126.8262728,031-5189-2346,,,,,,,,,,,,,,,,,,,,,,,,,,,"
"노진1리 경로당,37.0496824,126.8216796,031-5189-2346,,,,,,,,,,,,,,,,,,,,,,,,,,,"
"노진2리 경로당,37.0490952,126.8124927,031-5189-2346,,,,,,,,,,,,,,,,,,,,,,,,,,,"
"금의2리 경로당,37.1129991,126.8168287,031-5189-2346,,,,,,,,,,,,,,,,,,,,,,,,,,,"
"정우마을 경로당,36.9820607,127.9213954,043-850-6534,,,,,,,,,,,,,,,,,,,,,,,,,,,"
"우티경로당,35.0492075,127.9598076,055-831-5179,,,,,,,,,,,,,,,,,,,,,,,,,,,"
"송전경로당,35.059388,127.964127,055-831-5179,,,,,,,,,,,,,,,,,,,,,,,,,,,"
"포곡경로당,35.07871,127.966044,055-831-5179,,,,,,,,,,,,,,,,,,,,,,,,,,,"
"당천경로당,35.059986,127.970759,055-831-5179,,,,,,,,,,,,,,,,,,,,,,,,,,,"
"석문경로당,35.0467976,127.9778648,055-831-5179,,,,,,,,,,,,,,,,,,,,,,,,,,,"
"안락2동 주민센터,35.02548,129.0512145,051-550-6529,,,,,,,,,,,,,,,,,,,,,,,,,,,"
"명장2동할머니경로당,35.2138401,129.1024337,051-550-6575,,,,,,,,,,,,,,,,,,,,,,,,,,,"
"교동경로당,35.7313872,128.1075021,055-930-3489,,,,,,,,,,,,,,,,,,,,,,,,,,,"
"율포경로당,34.5663834,126.7507938,061-430-3934,,,,,,,,,,,,,,,,,,,,,,,,,,,"
"월하경로당,34.5262822,126.7196111,061-430-3934,,,,,,,,,,,,,,,,,,,,,,,,,,,"
"도암면 분회경로당,34.545178,126.72773,061-430-3934,,,,,,,,,,,,,,,,,,,,,,,,,,,"
"용산할머니경로당,35.200152,129.093482,051-550-6512,,,,,,,,,,,,,,,,,,,,,,,,,,,"
"강변뜨란채아파트경로당,35.1983191,129.1032563,051-550-6512,,,,,,,,,,,,,,,,,,,,,,,,,,,"
"내동경로당,35.2467669,126.9766036,null,,,,,,,,,,,,,,,,,,,,,,,,,,,"
"감계휴먼빌경로당,35.3043487,128.5953592,055-212-5200,,,,,,,,,,,,,,,,,,,,,,,,,,,"
"무동휴먼빌1단지경로당,35.3191485,128.5831587,055-212-5200,,,,,,,,,,,,,,,,,,,,,,,,,,,"
"대명2동행정복지센터,35.8553094,128.58669,053-664-2924,,,,,,,,,,,,,,,,,,,,,,,,,,,"
"동대구농협 교대역지점,35.8529827,128.5910001,053-664-2924,,,,,,,,,,,,,,,,,,,,,,,,,,,"
"명덕119안전센터,35.855544,128.5872121,053-664-2924,,,,,,,,,,,,,,,,,,,,,,,,,,,"
"상정경로당,35.070868,127.959033,055-831-5179,,,,,,,,,,,,,,,,,,,,,,,,,,,"
"구정3구경로당,35.7066829,128.1615509,055-930-3489,,,,,,,,,,,,,,,,,,,,,,,,,,,"
"산정경로당,34.599029,126.680066,061-430-3934,,,,,,,,,,,,,,,,,,,,,,,,,,,"
"강성경로당,34.593746,126.678329,061-430-3934,,,,,,,,,,,,,,,,,,,,,,,,,,,"
"회룡경로당1,34.5904986,126.6888674,061-430-3934,,,,,,,,,,,,,,,,,,,,,,,,,,,"
"대산1리(여자) 경로당,36.1245149,127.5540429,041-750-2875,,,,,,,,,,,,,,,,,,,,,,,,,,,"
"금성1리 경로당,36.0947196,127.5630283,041-750-2875,,,,,,,,,,,,,,,,,,,,,,,,,,,"
"신감경로당,35.2041338,128.5109343,null,,,,,,,,,,,,,,,,,,,,,,,,,,,"
"신촌마을회관,34.8224376,127.348297,061-830-5848,,,,,,,,,,,,,,,,,,,,,,,,,,,"
"관덕마을회관,34.796012,127.352861,061-830-5848,,,,,,,,,,,,,,,,,,,,,,,,,,,"
"호곡마을회관,34.6752541,127.3356249,061-830-5848,,,,,,,,,,,,,,,,,,,,,,,,,,,"
"외백마을회관,34.699396,127.429502,061-830-5848,,,,,,,,,,,,,,,,,,,,,,,,,,,"
"전안경로당,35.2152026,128.5047304,null,,,,,,,,,,,,,,,,,,,,,,,,,,,"
"감천(여)경로당,35.2053638,128.5172204,null,,,,,,,,,,,,,,,,,,,,,,,,,,,"
"바깥신천경로당,35.36822,128.6264,055-212-5200,,,,,,,,,,,,,,,,,,,,,,,,,,,"
"양지경로당,35.303944,128.6270747,055-212-5200,,,,,,,,,,,,,,,,,,,,,,,,,,,"
"천수림아파트경로당,35.3012436,128.5869653,055-212-5200,,,,,,,,,,,,,,,,,,,,,,,,,,,"
"삼호 아파트 경로당,36.1116209,127.4868107,041-750-2875,,,,,,,,,,,,,,,,,,,,,,,,,,,"
"상리주공아파트 경로당,36.1108625,127.4884844,041-750-2875,,,,,,,,,,,,,,,,,,,,,,,,,,,"
"상6리 경로당,36.1072545,127.485078,041-750-2875,,,,,,,,,,,,,,,,,,,,,,,,,,,"
"장수 경로당,36.1094496,127.4853194,041-750-2875,,,,,,,,,,,,,,,,,,,,,,,,,,,"
"상4리 경로당,36.1080975,127.4915743,041-750-2875,,,,,,,,,,,,,,,,,,,,,,,,,,,"
"가덕 경로당,36.085898,127.53387,041-750-2875,,,,,,,,,,,,,,,,,,,,,,,,,,,"
"두곡 경로당,36.0648501,127.5525489,041-750-2875,,,,,,,,,,,,,,,,,,,,,,,,,,,"
"춘호 경로당,36.0848727,127.5751251,041-750-2875,,,,,,,,,,,,,,,,,,,,,,,,,,,"
"어재(여자) 경로당,36.0824211,127.5944585,041-750-2875,,,,,,,,,,,,,,,,,,,,,,,,,,,"
"상옥2리 여자경로당,36.1002981,127.4860194,041-750-2875,,,,,,,,,,,,,,,,,,,,,,,,,,,"
"상옥1리 경로당,36.1006904,127.4884763,041-750-2875,,,,,,,,,,,,,,,,,,,,,,,,,,,"
"아인3리(용머리) 경로당,36.1050203,127.4809366,041-750-2875,,,,,,,,,,,,,,,,,,,,,,,,,,,"
"삼락회 경로당,36.1033972,127.4823287,041-750-2875,,,,,,,,,,,,,,,,,,,,,,,,,,,"
"선원 경로당,36.072796,127.548869,041-750-2875,,,,,,,,,,,,,,,,,,,,,,,,,,,"
"음지2리(하어동) 여성 경로당,36.0972619,127.468459,041-750-2875,,,,,,,,,,,,,,,,,,,,,,,,,,,"
"양지2리 경로당,36.0998192,127.4500537,041-750-2875,,,,,,,,,,,,,,,,,,,,,,,,,,,"
"음지2리(상어동) 경로당,36.0931916,127.4614933,041-750-2875,,,,,,,,,,,,,,,,,,,,,,,,,,,"
"음지2리(하어동) 경로당,36.0972423,127.4684885,041-750-2875,,,,,,,,,,,,,,,,,,,,,,,,,,,"
"음지1리 여성경로당,36.1000056,127.4632233,041-750-2875,,,,,,,,,,,,,,,,,,,,,,,,,,,"
"덕산경로당,34.579404,126.750216,061-430-3934,,,,,,,,,,,,,,,,,,,,,,,,,,,"
"구정1구경로당,35.7055856,128.1655185,055-930-3489,,,,,,,,,,,,,,,,,,,,,,,,,,,"
"신평경로당,34.583574,126.755102,061-430-3934,,,,,,,,,,,,,,,,,,,,,,,,,,,"
"하송마을회관,34.696889,127.348829,061-830-5848,,,,,,,,,,,,,,,,,,,,,,,,,,,"
"지산리 산83-107,35.2953,129.0352,055-392-7253,,,,,,,,,,,,,,,,,,,,,,,,,,,"
"남호경로당,34.473848,126.794593,061-430-3934,,,,,,,,,,,,,,,,,,,,,,,,,,,"
"율포경로당,34.566393,126.750803,061-430-3934,,,,,,,,,,,,,,,,,,,,,,,,,,,"
"송학경로당,34.553025,126.759621,061-430-3934,,,,,,,,,,,,,,,,,,,,,,,,,,,"
"표장경로당,34.555511,126.745355,061-430-3934,,,,,,,,,,,,,,,,,,,,,,,,,,,"
"선장경로당,34.553696,126.740621,061-430-3934,,,,,,,,,,,,,,,,,,,,,,,,,,,"
"한월경로당,35.054652,127.98485,055-831-5179,,,,,,,,,,,,,,,,,,,,,,,,,,,"
"제민경로당,35.0497082,127.9727659,055-831-5179,,,,,,,,,,,,,,,,,,,,,,,,,,,"
"상저경로당,34.536117,126.796909,061-430-3934,,,,,,,,,,,,,,,,,,,,,,,,,,,"
"구곡경로당,34.484069,126.801761,061-430-3934,,,,,,,,,,,,,,,,,,,,,,,,,,,"
"금의1리 경로당,37.1079069,126.823062,031-5189-2346,,,,,,,,,,,,,,,,,,,,,,,,,,,"
"풍림아파트여자경로당,35.1060028,128.8068856,null,,,,,,,,,,,,,,,,,,,,,,,,,,,"
"부영1차아파트남자경로당,35.1013902,128.8058144,null,,,,,,,,,,,,,,,,,,,,,,,,,,,"
"이산경로당,35.2210664,128.5753997,552305235,,,,,,,,,,,,,,,,,,,,,,,,,,,"
"노송마을회관,34.7110333,127.351008,061-830-5848,,,,,,,,,,,,,,,,,,,,,,,,,,,"
"남양마을회관,34.729346,127.341529,061-830-5848,,,,,,,,,,,,,,,,,,,,,,,,,,,"
"중산마을회관,34.731877,127.32893,061-830-5848,,,,,,,,,,,,,,,,,,,,,,,,,,,"
"선정마을회관,34.753085,127.38717,061-830-5848,,,,,,,,,,,,,,,,,,,,,,,,,,,"
"모정 경로당,36.1351691,127.4765137,041-750-2875,,,,,,,,,,,,,,,,,,,,,,,,,,,"
"큰말 경로당,36.1371144,127.4788418,041-750-2875,,,,,,,,,,,,,,,,,,,,,,,,,,,"
"답곡리 112-5,35.283,129.0623,055-392-7253,,,,,,,,,,,,,,,,,,,,,,,,,,,"
"신용2(신촌) 경로당,34.8731402,126.3039887,061-240-8903,,,,,,,,,,,,,,,,,,,,,,,,,,,"
"고이대촌 경로당,34.9502065,126.2906072,061-240-8903,,,,,,,,,,,,,,,,,,,,,,,,,,,"
"당고 경로당,34.7918034,126.1519933,061-240-8903,,,,,,,,,,,,,,,,,,,,,,,,,,,"
"구석 경로당,34.8584525,126.122151,061-240-8903,,,,,,,,,,,,,,,,,,,,,,,,,,,"
"익금 경로당,34.8750238,126.1232239,061-240-8903,,,,,,,,,,,,,,,,,,,,,,,,,,,"
"제동부인경로당,35.3363085,128.7134945,055-212-5300,,,,,,,,,,,,,,,,,,,,,,,,,,,"
"중리(여)경로당,35.2513741,128.5111601,null,,,,,,,,,,,,,,,,,,,,,,,,,,,"
"원계경로당,35.2307575,128.5091257,null,,,,,,,,,,,,,,,,,,,,,,,,,,,"
"부림문화광장무더위쉼터,35.2049019,128.5735766,055-220-5676,,,,,,,,,,,,,,,,,,,,,,,,,,,"
"독정2리 경로당,37.0723797,126.8527934,031-5189-2346,,,,,,,,,,,,,,,,,,,,,,,,,,,"
"외부2리 경로당,36.1459974,127.4984139,041-750-2875,,,,,,,,,,,,,,,,,,,,,,,,,,,"
"나천 경로당,36.0918391,127.5206548,041-750-2875,,,,,,,,,,,,,,,,,,,,,,,,,,,"
"나천(여성) 경로당,36.0924417,127.5199226,041-750-2875,,,,,,,,,,,,,,,,,,,,,,,,,,,"
"나천(여성) 경로당,36.0924417,127.5199226,041-750-2875,,,,,,,,,,,,,,,,,,,,,,,,,,,"
"백암 경로당,36.1015724,127.5376734,041-750-2875,,,,,,,,,,,,,,,,,,,,,,,,,,,"
"대촌 경로당,37.6609663,126.6732583,031-980-2917,,,,,,,,,,,,,,,,,,,,,,,,,,,"
"발산마을회관,37.6602052,126.6676384,031-980-2917,,,,,,,,,,,,,,,,,,,,,,,,,,,"
"잔실 경로당,36.1206801,127.4632019,041-750-2875,,,,,,,,,,,,,,,,,,,,,,,,,,,"
"양전3리 경로당,36.1216702,127.4924406,041-750-2875,,,,,,,,,,,,,,,,,,,,,,,,,,,"
"양전1리(여성) 경로당,36.1226322,127.4780318,041-750-2875,,,,,,,,,,,,,,,,,,,,,,,,,,,"
"양전1리(남자) 경로당,36.122526,127.4782035,041-750-2875,,,,,,,,,,,,,,,,,,,,,,,,,,,"
"신촌경로당,35.3487292,128.8019353,null,,,,,,,,,,,,,,,,,,,,,,,,,,,"
"구래동사무소,37.6464568,126.623714,031-980-2917,,,,,,,,,,,,,,,,,,,,,,,,,,,"
"산안2리 경로당,36.1920986,127.5776169,041-750-2875,,,,,,,,,,,,,,,,,,,,,,,,,,,"
"상동1리 경로당,36.0682671,127.5044167,041-750-2875,,,,,,,,,,,,,,,,,,,,,,,,,,,"
"상동2리 경로당,36.0596615,127.5047895,041-750-2875,,,,,,,,,,,,,,,,,,,,,,,,,,,"
"초현2리 경로당,36.0420897,127.5053421,041-750-2875,,,,,,,,,,,,,,,,,,,,,,,,,,,"
"덕천2리 경로당,36.0353944,127.5089791,041-750-2875,,,,,,,,,,,,,,,,,,,,,,,,,,,"
"천을리 노론 경로당,36.1643038,127.5320515,041-750-2875,,,,,,,,,,,,,,,,,,,,,,,,,,,"
"두두1리 경로당,36.1618872,127.5223768,041-750-2875,,,,,,,,,,,,,,,,,,,,,,,,,,,"
"두두(여성) 경로당,36.1664671,127.526089,041-750-2875,,,,,,,,,,,,,,,,,,,,,,,,,,,"
"방아재 경로당,36.1858035,127.5257161,041-750-2875,,,,,,,,,,,,,,,,,,,,,,,,,,,"
"안보광리 경로당,36.2114287,127.5512534,041-750-2875,,,,,,,,,,,,,,,,,,,,,,,,,,,"
"상곡2리 경로당,36.2208746,127.572282,041-750-2875,,,,,,,,,,,,,,,,,,,,,,,,,,,"
"현내(여성) 경로당,36.0596854,127.5561538,041-750-2875,,,,,,,,,,,,,,,,,,,,,,,,,,,"
"내부1리 경로당,36.1280094,127.4968421,041-750-2875,,,,,,,,,,,,,,,,,,,,,,,,,,,"
"회봉남성경로당,35.2193329,128.5678631,null,,,,,,,,,,,,,,,,,,,,,,,,,,,"
"학산경로당,35.1967606,128.559344,055-220-4654,,,,,,,,,,,,,,,,,,,,,,,,,,,"
"완월경로당,35.1976987,128.5645881,055-220-4654,,,,,,,,,,,,,,,,,,,,,,,,,,,"
"상춘경로당,35.1987946,128.5595585,055-220-4654,,,,,,,,,,,,,,,,,,,,,,,,,,,"
"전곡3리 노인회,37.1877702,126.6554208,031-5189-2346,,,,,,,,,,,,,,,,,,,,,,,,,,,"
"장외리 경로당,37.1747438,126.6813368,031-5189-2346,,,,,,,,,,,,,,,,,,,,,,,,,,,"
"매화2리 경로당,37.1634411,126.7022606,031-5189-2346,,,,,,,,,,,,,,,,,,,,,,,,,,,"
"용두1리 경로당,37.1428628,126.7140369,031-5189-2346,,,,,,,,,,,,,,,,,,,,,,,,,,,"
"백미리 경로당,37.1404459,126.6826752,031-5189-2346,,,,,,,,,,,,,,,,,,,,,,,,,,,"
"용두2리경로당,37.1514972,126.7010126,031-5189-2346,,,,,,,,,,,,,,,,,,,,,,,,,,,"
"안락호현할머니경로당,35.197306,129.109808,051-550-6532,,,,,,,,,,,,,,,,,,,,,,,,,,,"
"옥봉경로당,35.2096684,129.1050987,051-550-6548,,,,,,,,,,,,,,,,,,,,,,,,,,,"
"명장1동 주민센터,35.012121,129.5457481,051-550-6548,,,,,,,,,,,,,,,,,,,,,,,,,,,"
"명장할아버지경로당,35.2063539,129.106803,051-550-6548,,,,,,,,,,,,,,,,,,,,,,,,,,,"
"명장할머니경로당,35.2063539,129.106803,051-550-6548,,,,,,,,,,,,,,,,,,,,,,,,,,,"
"성곡2리(여성) 경로당,36.0723386,127.4875107,041-750-2875,,,,,,,,,,,,,,,,,,,,,,,,,,,"
"보내 경로당,36.0643558,127.4311683,041-750-2875,,,,,,,,,,,,,,,,,,,,,,,,,,,"
"상역평(여성) 경로당ㅋ,36.0611533,127.4099037,041-750-2875,,,,,,,,,,,,,,,,,,,,,,,,,,,"
"명고동 경로당,36.027859,127.4097615,041-750-2875,,,,,,,,,,,,,,,,,,,,,,,,,,,"
"원동 경로당,36.0069604,127.5229883,041-750-2875,,,,,,,,,,,,,,,,,,,,,,,,,,,"
"수천 경로당,35.999865,127.5019035,041-750-2875,,,,,,,,,,,,,,,,,,,,,,,,,,,"
"신천2 경로당,36.0290499,127.4963781,041-750-2875,,,,,,,,,,,,,,,,,,,,,,,,,,,"
"벌넘어 경로당,36.0224402,127.4851638,041-750-2875,,,,,,,,,,,,,,,,,,,,,,,,,,,"
"원상금 경로당,36.0725944,127.4283949,041-750-2875,,,,,,,,,,,,,,,,,,,,,,,,,,,"
"용진2리(신촌) 경로당,36.1751432,127.4272764,041-750-2875,,,,,,,,,,,,,,,,,,,,,,,,,,,"
"다복1리 경로당,36.1587623,127.4241677,041-750-2875,,,,,,,,,,,,,,,,,,,,,,,,,,,"
"곡남리 마을회관,36.1641696,127.3987404,041-750-2875,,,,,,,,,,,,,,,,,,,,,,,,,,,"
"곡남1리 마을회관,36.166558,127.3964739,041-750-2875,,,,,,,,,,,,,,,,,,,,,,,,,,,"
"곡남2리 경로당,36.1624978,127.3970479,041-750-2875,,,,,,,,,,,,,,,,,,,,,,,,,,,"
"수영2리 경로당,36.1805255,127.3846775,041-750-2875,,,,,,,,,,,,,,,,,,,,,,,,,,,"
"수영3리 경로당,36.1792806,127.3926464,041-750-2875,,,,,,,,,,,,,,,,,,,,,,,,,,,"
"목소리 경로당,36.1768255,127.4085492,041-750-2875,,,,,,,,,,,,,,,,,,,,,,,,,,,"
"만악1리 경로당,36.1468356,127.4354678,041-750-2875,,,,,,,,,,,,,,,,,,,,,,,,,,,"
"상엄정리 경로당,36.1337004,127.4145493,041-750-2875,,,,,,,,,,,,,,,,,,,,,,,,,,,"
"부암3리(목골) 경로당,36.1346557,127.3779559,041-750-2875,,,,,,,,,,,,,,,,,,,,,,,,,,,"
"흑암(여성) 경로당,36.0238307,127.4553484,041-750-2875,,,,,,,,,,,,,,,,,,,,,,,,,,,"
"풍전 경로당,36.0427274,127.4931622,041-750-2875,,,,,,,,,,,,,,,,,,,,,,,,,,,"
"석동2리 경로당,36.0514497,127.4779272,041-750-2875,,,,,,,,,,,,,,,,,,,,,,,,,,,"
"성곡1리(여성) 경로당,36.0749423,127.4844798,041-750-2875,,,,,,,,,,,,,,,,,,,,,,,,,,,"
"성곡2리(남자) 경로당,36.0727462,127.4875456,041-750-2875,,,,,,,,,,,,,,,,,,,,,,,,,,,"
"목소리두만골 경로당,36.1951702,127.4181917,041-750-2875,,,,,,,,,,,,,,,,,,,,,,,,,,,"
"백암2리 경로당,36.1894836,127.3892426,041-750-2875,,,,,,,,,,,,,,,,,,,,,,,,,,,"
"청등 경로당,36.1201189,127.3943442,041-750-2875,,,,,,,,,,,,,,,,,,,,,,,,,,,"
"오항2리 경로당,36.1023569,127.3810217,041-750-2875,,,,,,,,,,,,,,,,,,,,,,,,,,,"
"읍내3리 경로당,36.1469937,127.377044,041-750-2875,,,,,,,,,,,,,,,,,,,,,,,,,,,"
"을음실 경로당,36.1503811,127.3553368,041-750-2875,,,,,,,,,,,,,,,,,,,,,,,,,,,"
"용진1리 경로당,36.1761954,127.4446651,041-750-2875,,,,,,,,,,,,,,,,,,,,,,,,,,,"
"독정1리 경로당,37.0674968,126.8473232,031-5189-2346,,,,,,,,,,,,,,,,,,,,,,,,,,,"
"덕다3리 경로당,37.0527689,126.8358537,031-5189-2346,,,,,,,,,,,,,,,,,,,,,,,,,,,"
"탑동마을회관,35.0958312,128.3983178,055-220-4654,,,,,,,,,,,,,,,,,,,,,,,,,,,"
"월안마을회관,35.1059058,128.4090493,055-220-4654,,,,,,,,,,,,,,,,,,,,,,,,,,,"
"봉곡마을회관,35.110436,128.418387,055-220-4654,,,,,,,,,,,,,,,,,,,,,,,,,,,"
"도산마을회관,35.1083785,128.4266489,055-220-4654,,,,,,,,,,,,,,,,,,,,,,,,,,,"
"곡안마을회관,35.110198,128.4138174,055-220-4654,,,,,,,,,,,,,,,,,,,,,,,,,,,"
"동산마을회관,35.1195076,128.3937906,055-220-4654,,,,,,,,,,,,,,,,,,,,,,,,,,,"
"양촌마을회관,35.1241254,128.3856507,055-220-4654,,,,,,,,,,,,,,,,,,,,,,,,,,,"
"개양마을회관,35.1275446,128.3823517,055-220-4654,,,,,,,,,,,,,,,,,,,,,,,,,,,"
"신방부인회경로당,35.2889041,128.6812158,055-212-5100,,,,,,,,,,,,,,,,,,,,,,,,,,,"
"전원2단지 경로당,37.6471694,126.6856818,031-980-2917,,,,,,,,,,,,,,,,,,,,,,,,,,,"
"봉덕1동경로당,35.8484363,128.5996917,053-664-2924,,,,,,,,,,,,,,,,,,,,,,,,,,,"
"서신면 행정복지센터,37.166335,126.7090004,031-5189-2346,,,,,,,,,,,,,,,,,,,,,,,,,,,"
"오룡 경로당,36.112882,127.4471194,041-750-2875,,,,,,,,,,,,,,,,,,,,,,,,,,,"
"상가1리(여성) 경로당,36.1297057,127.4530229,041-750-2875,,,,,,,,,,,,,,,,,,,,,,,,,,,"
"상가2리 경로당,36.1284622,127.4381822,041-750-2875,,,,,,,,,,,,,,,,,,,,,,,,,,,"
"망호경로당,34.529164,126.763221,061-430-3934,,,,,,,,,,,,,,,,,,,,,,,,,,,"
"덕다1리 경로당,37.0576737,126.8398151,031-5189-2346,,,,,,,,,,,,,,,,,,,,,,,,,,,"
"덕다2리 경로당,37.0664825,126.8366562,031-5189-2346,,,,,,,,,,,,,,,,,,,,,,,,,,,"
